遊戲名稱,伺服器,角色名稱,停權時間,停權事由,懲處方式
彩虹島物語,浮生夢蝶,2024-07-31 04:25:32,資料異常,請洽客服人員
彩虹島物語,黑夜i,2024-07-31 04:11:58,未能配合線上GM查緝作業，使用外掛(含自動練功、軟硬體加速、破解外掛、卡鍵…等),帳號永久停權
彩虹島物語,周杰倫JAY,2024-07-23 05:29:38,資料異常,請洽客服人員
彩虹島物語,奧波次的而法國,2024-07-23 05:29:28,未能配合線上GM查緝作業，使用外掛(含自動練功、軟硬體加速、破解外掛、卡鍵…等),帳號永久停權
彩虹島物語,一只搬磚的大倉鼠,2024-07-23 05:29:17,未能配合線上GM查緝作業，使用外掛(含自動練功、軟硬體加速、破解外掛、卡鍵…等),帳號永久停權
彩虹島物語,珨湮硐累扷,2024-07-23 05:29:08,未能配合線上GM查緝作業，使用外掛(含自動練功、軟硬體加速、破解外掛、卡鍵…等),帳號永久停權
彩虹島物語,周杰倫JAY3,2024-07-23 05:28:54,未能配合線上GM查緝作業，使用外掛(含自動練功、軟硬體加速、破解外掛、卡鍵…等),帳號永久停權
彩虹島物語,南河,2024-07-23 02:23:10,未能配合線上GM查緝作業，使用外掛(含自動練功、軟硬體加速、破解外掛、卡鍵…等),帳號永久停權
彩虹島物語,一曲斷紅塵,2024-07-21 04:44:06,未能配合線上GM查緝作業，使用外掛(含自動練功、軟硬體加速、破解外掛、卡鍵…等),帳號永久停權
彩虹島物語,狐有九尾僅一情,2024-07-21 01:03:48,未能配合線上GM查緝作業，使用外掛(含自動練功、軟硬體加速、破解外掛、卡鍵…等),帳號永久停權
彩虹島物語,柳生劍影,2024-07-18 14:07:07,資料異常,請洽客服人員
彩虹島物語,多寶魚豆餅,2024-07-18 14:07:07,資料異常,請洽客服人員
彩虹島物語,湛盧無方,2024-07-18 14:07:07,資料異常,請洽客服人員
彩虹島物語,幻舞劍客,2024-07-18 14:07:07,資料異常,請洽客服人員
彩虹島物語,銅木子,2024-07-18 14:07:07,資料異常,請洽客服人員
彩虹島物語,燈魂者,2024-07-18 14:07:07,資料異常,請洽客服人員
彩虹島物語,暗月之刀,2024-07-18 14:07:07,資料異常,請洽客服人員
彩虹島物語,zz***j8,2024-07-18 11:37:57,使用外掛或利用輔助程式進行遊戲(經官方人員查證屬實),帳號永久停權
彩虹島物語,zz***k6,2024-07-18 11:37:56,使用外掛或利用輔助程式進行遊戲(經官方人員查證屬實),帳號永久停權
彩虹島物語,wa**sd,2024-07-18 11:37:56,使用外掛或利用輔助程式進行遊戲(經官方人員查證屬實),帳號永久停權
彩虹島物語,wa**sj,2024-07-18 11:37:56,使用外掛或利用輔助程式進行遊戲(經官方人員查證屬實),帳號永久停權
彩虹島物語,zz**sd,2024-07-18 11:37:56,使用外掛或利用輔助程式進行遊戲(經官方人員查證屬實),帳號永久停權
彩虹島物語,zz****10,2024-07-18 11:37:56,使用外掛或利用輔助程式進行遊戲(經官方人員查證屬實),帳號永久停權
彩虹島物語,zz***j9,2024-07-18 11:37:56,使用外掛或利用輔助程式進行遊戲(經官方人員查證屬實),帳號永久停權
彩虹島物語,zz***k3,2024-07-18 11:37:56,使用外掛或利用輔助程式進行遊戲(經官方人員查證屬實),帳號永久停權
彩虹島物語,zz***k1,2024-07-18 11:37:56,使用外掛或利用輔助程式進行遊戲(經官方人員查證屬實),帳號永久停權
彩虹島物語,wa**hj,2024-07-18 11:37:56,使用外掛或利用輔助程式進行遊戲(經官方人員查證屬實),帳號永久停權
彩虹島物語,zz**sf,2024-07-18 11:37:56,使用外掛或利用輔助程式進行遊戲(經官方人員查證屬實),帳號永久停權
彩虹島物語,wa**sg,2024-07-18 11:37:56,使用外掛或利用輔助程式進行遊戲(經官方人員查證屬實),帳號永久停權
彩虹島物語,wa**sn,2024-07-18 11:37:56,使用外掛或利用輔助程式進行遊戲(經官方人員查證屬實),帳號永久停權
彩虹島物語,wa**sm,2024-07-18 11:37:56,使用外掛或利用輔助程式進行遊戲(經官方人員查證屬實),帳號永久停權
彩虹島物語,wa**sb,2024-07-18 11:37:56,使用外掛或利用輔助程式進行遊戲(經官方人員查證屬實),帳號永久停權
彩虹島物語,zz***k2,2024-07-18 11:37:56,使用外掛或利用輔助程式進行遊戲(經官方人員查證屬實),帳號永久停權
彩虹島物語,zz***j3,2024-07-18 11:37:56,使用外掛或利用輔助程式進行遊戲(經官方人員查證屬實),帳號永久停權
彩虹島物語,芒果魚,2024-06-17 11:44:04,有影射現實生活的金錢做買賣情況(經官方人員查證屬實)，第一次違規,警告乙支
彩虹島物語,小簡單,2024-06-07 17:49:37,有影射現實生活的金錢做買賣情況(經官方人員查證屬實),警告限期改善
彩虹島物語,女賊耍流氓,2024-06-05 15:13:09,有影射現實生活的金錢做買賣情況(經官方人員查證屬實)，第一次違規,警告乙支
彩虹島物語,Aurora1234,2024-05-31 17:28:57,有影射現實生活的金錢做買賣情況(經官方人員查證屬實)，第一次違規,警告乙支
彩虹島物語,桃知名,2024-05-31 17:28:46,有影射現實生活的金錢做買賣情況(經官方人員查證屬實)，第一次違規,警告乙支
彩虹島物語,Rua小皇喵,2024-05-31 17:28:32,有影射現實生活的金錢做買賣情況(經官方人員查證屬實)，第一次違規,警告乙支
彩虹島物語,TT小倉庫,2024-05-31 17:28:20,有影射現實生活的金錢做買賣情況(經官方人員查證屬實)，第一次違規,警告乙支
彩虹島物語,不太行啊,2024-05-31 13:35:53,有影射現實生活的金錢做買賣情況(經官方人員查證屬實)，第一次違規,警告乙支
彩虹島物語,銀色王冠,2024-05-31 13:34:42,有影射現實生活的金錢做買賣情況(經官方人員查證屬實)，第一次違規,警告乙支
彩虹島物語,睡在你身旁,2024-05-29 18:11:02,影射現實生活的金錢做買賣情況(經官方人員查證屬實),警告乙次
彩虹島物語,孤月湘,2024-05-29 15:44:57,有影射現實生活的金錢做買賣情況(經官方人員查證屬實)，第一次違規,警告乙支
彩虹島物語,JuLi,2024-05-23 11:12:43,有影射現實生活的金錢做買賣情況(經官方人員查證屬實)，第一次違規,警告乙支
彩虹島物語,灼灼i,2024-05-22 15:39:46,有影射現實生活的金錢做買賣情況(經官方人員查證屬實)，第一次違規,警告乙支
彩虹島物語,林七七,2024-05-22 15:21:35,有影射現實生活的金錢做買賣情況(經官方人員查證屬實)，第二次違規,帳號停權7日
彩虹島物語,麥麥呀,2024-05-22 14:51:44,有影射現實生活的金錢做買賣情況(經官方人員查證屬實)，第三次違規,永久停權
彩虹島物語,八滿,2024-05-20 22:44:11,資料異常,請洽客服人員
彩虹島物語,萌萌劍豪,2024-05-20 22:44:11,資料異常,請洽客服人員
彩虹島物語,林七七,2024-05-20 22:44:11,資料異常,請洽客服人員
彩虹島物語,給她搞裡頭好嗎,2024-05-20 22:44:11,資料異常,請洽客服人員
彩虹島物語,JuLi,2024-05-20 22:44:11,資料異常,請洽客服人員
彩虹島物語,Aurora1234,2024-05-20 22:44:11,資料異常,請洽客服人員
彩虹島物語,糯米昂,2024-05-20 22:42:43,資料異常,請洽客服人員
彩虹島物語,YoNu,2024-05-20 22:42:43,資料異常,請洽客服人員
彩虹島物語,傘木希美i,2024-05-20 22:42:43,資料異常,請洽客服人員
彩虹島物語,瘋狂摸牌01,2024-05-20 22:42:43,資料異常,請洽客服人員
彩虹島物語,Flamingo1,2024-05-20 22:42:43,資料異常,請洽客服人員
彩虹島物語,Duns,2024-05-20 22:42:43,資料異常,請洽客服人員
彩虹島物語,蝴褋效應,2024-05-20 22:42:43,有影射現實生活的金錢做買賣情況(經官方人員查證屬實),警告限期改善
彩虹島物語,告歌,2024-05-20 22:42:43,資料異常,請洽客服人員
彩虹島物語,鐘無艷,2024-05-20 22:42:43,資料異常,請洽客服人員
彩虹島物語,混車專用燈籠,2024-05-20 22:42:43,資料異常,請洽客服人員
彩虹島物語,灼灼i,2024-05-20 22:42:43,資料異常,請洽客服人員
彩虹島物語,EOK,2024-05-20 22:42:43,資料異常,請洽客服人員
彩虹島物語,NoOneKnowU,2024-05-20 22:42:43,資料異常,請洽客服人員
彩虹島物語,Chohits,2024-05-20 22:42:43,資料異常,請洽客服人員
彩虹島物語,Beauty為誰,2024-05-20 22:42:43,資料異常,請洽客服人員
彩虹島物語,mi糖,2024-05-20 22:42:43,資料異常,請洽客服人員
彩虹島物語,稚名真晝,2024-05-20 22:42:43,資料異常,請洽客服人員
彩虹島物語,Amaranthw,2024-05-20 21:02:30,資料異常,請洽客服人員
彩虹島物語,麥麥呀,2024-05-20 18:04:38,資料異常,請洽客服人員
彩虹島物語,孤月湘,2024-05-20 18:04:27,資料異常,請洽客服人員
彩虹島物語,飛飛裡,2024-05-20 16:58:00,資料異常,請洽客服人員
彩虹島物語,大肥羊3,2024-05-20 16:58:00,資料異常,請洽客服人員
彩虹島物語,〝蹦蹦＊熊╭★,2024-05-20 16:58:00,資料異常,請洽客服人員
彩虹島物語,zzkk,2024-05-20 16:58:00,資料異常,請洽客服人員
彩虹島物語,zhou1,2024-05-20 16:58:00,資料異常,請洽客服人員
彩虹島物語,zzz123,2024-05-20 16:58:00,資料異常,請洽客服人員
彩虹島物語,撒網,2024-05-20 16:58:00,資料異常,請洽客服人員
彩虹島物語,zzxx12,2024-05-20 16:58:00,資料異常,請洽客服人員
彩虹島物語,娜娜史,2024-05-20 16:58:00,資料異常,請洽客服人員
彩虹島物語,情懷問,2024-05-20 16:58:00,資料異常,請洽客服人員
彩虹島物語,德瑪無敵,2024-05-20 16:58:00,資料異常,請洽客服人員
彩虹島物語,武器EZ,2024-05-20 16:58:00,資料異常,請洽客服人員
彩虹島物語,超級龍珠,2024-05-20 16:58:00,資料異常,請洽客服人員
彩虹島物語,文文院長,2024-05-20 16:58:00,資料異常,請洽客服人員
彩虹島物語,為什麼菜,2024-05-20 16:58:00,資料異常,請洽客服人員
彩虹島物語,胖成,2024-05-20 16:58:00,資料異常,請洽客服人員
彩虹島物語,凱凱法拉利,2024-05-20 16:58:00,資料異常,請洽客服人員
彩虹島物語,安幣,2024-05-20 16:58:00,資料異常,請洽客服人員
彩虹島物語,公子別跑,2024-05-20 16:58:00,資料異常,請洽客服人員
彩虹島物語,YandexCC,2024-05-20 16:58:00,資料異常,請洽客服人員
彩虹島物語,特特,2024-05-20 16:57:59,資料異常,請洽客服人員
彩虹島物語,Ybbi,2024-05-20 16:57:59,資料異常,請洽客服人員
彩虹島物語,軒軒哦,2024-05-20 16:57:59,資料異常,請洽客服人員
彩虹島物語,missee,2024-05-20 16:57:59,資料異常,請洽客服人員
彩虹島物語,Konoki,2024-05-20 16:57:59,資料異常,請洽客服人員
彩虹島物語,白運雲,2024-05-20 16:57:59,資料異常,請洽客服人員
彩虹島物語,萬寧,2024-05-20 16:57:59,資料異常,請洽客服人員
彩虹島物語,風夫兒,2024-05-20 16:57:59,資料異常,請洽客服人員
彩虹島物語,且衣,2024-05-20 16:57:59,資料異常,請洽客服人員
彩虹島物語,AA1123,2024-05-20 16:57:59,資料異常,請洽客服人員
彩虹島物語,打金1號也,2024-05-20 16:57:59,資料異常,請洽客服人員
彩虹島物語,司令啊,2024-05-20 16:57:59,資料異常,請洽客服人員
彩虹島物語,773A,2024-05-20 16:57:59,資料異常,請洽客服人員
彩虹島物語,不會e,2024-05-20 16:57:58,資料異常,請洽客服人員
彩虹島物語,Estrella,2024-05-20 16:57:58,資料異常,請洽客服人員
彩虹島物語,吃可愛多的小腦斧,2024-05-20 16:57:58,資料異常,請洽客服人員
彩虹島物語,ddwe,2024-05-20 16:57:58,資料異常,請洽客服人員
彩虹島物語,簡單賺點錢,2024-05-20 16:57:58,資料異常,請洽客服人員
彩虹島物語,信息顯示,2024-05-20 16:57:58,資料異常,請洽客服人員
彩虹島物語,八陽,2024-05-20 16:57:58,資料異常,請洽客服人員
彩虹島物語,慢慢的,2024-05-20 16:57:58,資料異常,請洽客服人員
彩虹島物語,金幣a,2024-05-20 16:57:58,資料異常,請洽客服人員
彩虹島物語,帝帝,2024-05-20 16:57:58,資料異常,請洽客服人員
彩虹島物語,kkis,2024-05-20 16:57:58,資料異常,請洽客服人員
彩虹島物語,xzc1,2024-05-20 16:57:58,資料異常,請洽客服人員
彩虹島物語,搬磚兩年半,2024-05-20 16:57:58,資料異常,請洽客服人員
彩虹島物語,密碼鎖,2024-05-20 16:57:58,資料異常,請洽客服人員
彩虹島物語,爆炸曼妥思,2024-05-20 16:57:58,資料異常,請洽客服人員
彩虹島物語,百事可樂要加冰,2024-05-20 16:57:58,資料異常,請洽客服人員
彩虹島物語,娜妮子,2024-05-20 16:57:58,資料異常,請洽客服人員
彩虹島物語,阿斯頓水水,2024-05-20 16:57:58,資料異常,請洽客服人員
彩虹島物語,wyw,2024-05-20 16:57:58,資料異常,請洽客服人員
彩虹島物語,帝娜娜,2024-05-20 16:57:58,資料異常,請洽客服人員
彩虹島物語,司令部,2024-05-20 16:57:58,資料異常,請洽客服人員
彩虹島物語,啥東西,2024-05-20 16:57:58,資料異常,請洽客服人員
彩虹島物語,雷呀,2024-05-20 16:57:58,資料異常,請洽客服人員
彩虹島物語,22cc,2024-05-20 16:57:58,資料異常,請洽客服人員
彩虹島物語,中心1,2024-05-20 16:57:58,資料異常,請洽客服人員
彩虹島物語,秋天吹,2024-05-20 16:57:58,資料異常,請洽客服人員
彩虹島物語,林書豪,2024-05-20 16:57:58,資料異常,請洽客服人員
彩虹島物語,配送,2023-12-01 22:47:46,資料異常,請洽客服人員
彩虹島物語,噴射戰士007,2023-11-29 23:23:55,資料異常,請洽客服人員
彩虹島物語,心中的神,2023-11-29 23:23:55,資料異常,請洽客服人員
彩虹島物語,情意濃,2023-11-29 23:23:55,資料異常,請洽客服人員
彩虹島物語,茶好喝,2023-11-29 23:23:55,資料異常,請洽客服人員
彩虹島物語,你是大橙子,2023-11-29 23:23:55,資料異常,請洽客服人員
彩虹島物語,修水管,2023-11-29 23:23:55,資料異常,請洽客服人員
彩虹島物語,妹妹你好啊,2023-11-29 23:23:55,資料異常,請洽客服人員
彩虹島物語,走廊燈,2023-11-29 23:23:55,資料異常,請洽客服人員
彩虹島物語,西瓜真好吃阿,2023-11-29 23:23:55,資料異常,請洽客服人員
彩虹島物語,茶清香,2023-11-29 23:23:55,資料異常,請洽客服人員
彩虹島物語,Sh********20,2023-11-28 17:01:28,有影射現實生活的金錢做買賣情況(經官方人員查證屬實)，第二次違規,帳號停權7日
彩虹島物語,竹木狼馬,2023-11-24 20:20:17,未能配合線上GM查緝作業，使用外掛(含自動練功、軟硬體加速、破解外掛、卡鍵…等),帳號永久停權
彩虹島物語,trbl,2023-11-23 23:07:21,資料異常,請洽客服人員
彩虹島物語,iiiviii,2023-11-22 23:01:18,資料異常,請洽客服人員
彩虹島物語,初雪依離,2023-11-22 23:00:23,資料異常,請洽客服人員
彩虹島物語,待花落風起時,2023-11-20 22:57:21,資料異常,請洽客服人員
彩虹島物語,DonDon寶,2023-11-20 22:57:10,資料異常,請洽客服人員
彩虹島物語,小熊夾心軟糖,2023-11-20 22:57:00,資料異常,請洽客服人員
彩虹島物語,當,2023-11-20 22:56:51,資料異常,請洽客服人員
彩虹島物語,鬼魂公主,2023-11-20 22:56:42,資料異常,請洽客服人員
彩虹島物語,一老虎機,2023-11-20 22:56:33,資料異常,請洽客服人員
彩虹島物語,夏無憂,2023-11-20 22:56:23,資料異常,請洽客服人員
彩虹島物語,大小姐駕到快傘開,2023-11-20 22:56:08,資料異常,請洽客服人員
彩虹島物語,露露燁,2023-11-20 22:55:59,資料異常,請洽客服人員
彩虹島物語,風會想起,2023-11-20 14:56:09,資料異常,請洽客服人員
彩虹島物語,是晚安o,2023-11-20 14:55:58,資料異常,請洽客服人員
彩虹島物語,想不出名字,2023-11-19 22:56:55,未能配合線上GM查緝作業，使用外掛(含自動練功、軟硬體加速、破解外掛、卡鍵…等),帳號永久停權
彩虹島物語,沫妍,2023-11-18 23:09:55,資料異常,請洽客服人員
彩虹島物語,騾的島倉庫,2023-11-18 23:09:55,資料異常,請洽客服人員
彩虹島物語,就是睡了,2023-10-20 14:16:51,資料異常,請洽客服人員
彩虹島物語,侯福林,2023-10-20 14:16:51,資料異常,請洽客服人員
彩虹島物語,puch,2023-10-20 14:16:51,資料異常,請洽客服人員
彩虹島物語,大碩,2023-10-20 14:16:51,資料異常,請洽客服人員
彩虹島物語,風奶,2023-10-20 14:16:51,資料異常,請洽客服人員
彩虹島物語,紅顏喟,2023-10-20 14:16:51,資料異常,請洽客服人員
彩虹島物語,跑狗,2023-10-20 14:16:51,資料異常,請洽客服人員
彩虹島物語,其與,2023-10-20 14:16:51,資料異常,請洽客服人員
彩虹島物語,胖透雨,2023-10-20 14:16:51,資料異常,請洽客服人員
彩虹島物語,肅寧,2023-10-20 14:16:51,資料異常,請洽客服人員
彩虹島物語,綠島下,2023-10-20 14:16:50,資料異常,請洽客服人員
彩虹島物語,撐到下,2023-10-20 14:16:50,資料異常,請洽客服人員
彩虹島物語,難道下,2023-10-20 14:16:50,資料異常,請洽客服人員
彩虹島物語,白倒下,2023-10-20 14:16:50,資料異常,請洽客服人員
彩虹島物語,猜到下,2023-10-20 14:16:50,資料異常,請洽客服人員
彩虹島物語,e2***14,2023-07-04 17:16:01,資料異常,請洽客服人員
彩虹島物語,d2***14,2023-07-04 17:16:01,資料異常,請洽客服人員
彩虹島物語,c2***14,2023-07-04 17:16:01,資料異常,請洽客服人員
彩虹島物語,b2***14,2023-07-04 17:16:01,資料異常,請洽客服人員
彩虹島物語,a2***14,2023-07-04 17:16:01,資料異常,請洽客服人員
彩虹島物語,磁芯,2023-07-02 08:42:44,未能配合線上GM查緝作業，使用外掛(含自動練功、軟硬體加速、破解外掛、卡鍵…等),帳號永久停權
彩虹島物語,龍之戰,2023-07-02 08:40:36,資料異常,請洽客服人員
彩虹島物語,打撚9死你,2023-06-28 16:53:01,未能配合線上GM查緝作業，使用外掛(含自動練功、軟硬體加速、破解外掛、卡鍵…等),帳號永久停權
彩虹島物語,凡伴,2023-06-25 14:33:14,未能配合線上GM查緝作業，使用外掛(含自動練功、軟硬體加速、破解外掛、卡鍵…等),帳號永久停權
彩虹島物語,漫天星星飛啊飛,2023-06-24 23:09:36,有影射現實生活的金錢做買賣情況(經官方人員查證屬實),警告限期改善
彩虹島物語,空巷o,2023-06-23 22:23:01,有影射現實生活的金錢做買賣情況(經官方人員查證屬實),警告限期改善
彩虹島物語,iuu,2023-06-23 16:08:25,未能配合線上GM查緝作業，使用外掛(含自動練功、軟硬體加速、破解外掛、卡鍵…等),帳號永久停權
彩虹島物語,中東雄獅,2023-06-22 17:28:58,資料異常,請洽客服人員
彩虹島物語,wqe4,2023-06-22 17:28:19,未能配合線上GM查緝作業，使用外掛(含自動練功、軟硬體加速、破解外掛、卡鍵…等),帳號永久停權
彩虹島物語,金克斯的爸爸,2023-06-22 17:27:52,未能配合線上GM查緝作業，使用外掛(含自動練功、軟硬體加速、破解外掛、卡鍵…等),帳號永久停權
彩虹島物語,加倉,2023-06-21 16:41:50,資料異常,請洽客服人員
彩虹島物語,喀戎,2023-06-21 16:41:50,資料異常,請洽客服人員
彩虹島物語,稱呼文,2023-06-21 16:41:50,資料異常,請洽客服人員
彩虹島物語,差不多先生、,2023-06-21 16:41:50,資料異常,請洽客服人員
彩虹島物語,MomoCandy,2023-06-21 16:41:50,資料異常,請洽客服人員
彩虹島物語,Jeeo,2023-06-21 16:41:50,資料異常,請洽客服人員
彩虹島物語,好想白嫖啊,2023-06-21 16:41:50,資料異常,請洽客服人員
彩虹島物語,應該養,2023-06-21 16:41:50,資料異常,請洽客服人員
彩虹島物語,萬物流轉,2023-06-21 16:41:50,資料異常,請洽客服人員
彩虹島物語,夏雨初晴,2023-06-21 16:41:50,資料異常,請洽客服人員
彩虹島物語,RainK比比東,2023-06-21 16:41:50,資料異常,請洽客服人員
彩虹島物語,窮則思變,2023-06-21 16:41:50,資料異常,請洽客服人員
彩虹島物語,只進不出,2023-06-21 16:41:50,資料異常,請洽客服人員
彩虹島物語,小芹菜,2023-06-21 16:41:50,資料異常,請洽客服人員
彩虹島物語,芽兒高抵巴顆飯,2023-06-21 16:41:50,資料異常,請洽客服人員
彩虹島物語,┌冷櫻┐,2023-06-18 16:38:40,有影射現實生活的金錢做買賣情況(經官方人員查證屬實),警告限期改善
彩虹島物語,Naminao,2023-06-18 14:09:03,未能配合線上GM查緝作業，使用外掛(含自動練功、軟硬體加速、破解外掛、卡鍵…等),帳號永久停權
彩虹島物語,li*********3,2023-06-17 15:26:29,資料異常,請洽客服人員
彩虹島物語,ch********8,2023-06-17 15:26:29,資料異常,請洽客服人員
彩虹島物語,生活不易吉他賣藝 ,2023-06-14 14:21:26,資料異常,請洽客服人員
彩虹島物語,oO創太Oo ,2023-06-14 14:21:26,資料異常,請洽客服人員
彩虹島物語,七七七七x ,2023-06-14 14:21:26,資料異常,請洽客服人員
彩虹島物語,藍毛毛演奏會 ,2023-06-14 14:21:26,資料異常,請洽客服人員
彩虹島物語,漂移的蝸牛 ,2023-06-14 14:21:26,資料異常,請洽客服人員
彩虹島物語,不知歸期的故人 ,2023-06-14 14:21:26,資料異常,請洽客服人員
彩虹島物語,鈴木依澄 ,2023-06-14 14:21:26,資料異常,請洽客服人員
彩虹島物語,LonelyDay ,2023-06-14 14:21:26,資料異常,請洽客服人員
彩虹島物語,星星砂 ,2023-06-14 14:21:26,資料異常,請洽客服人員
彩虹島物語,青青的兔子包 ,2023-06-14 14:21:26,資料異常,請洽客服人員
彩虹島物語,梁可萌 ,2023-06-14 14:21:26,資料異常,請洽客服人員
彩虹島物語,愛你入迷,2023-05-12 16:58:22,資料異常,請洽客服人員
彩虹島物語,魂水,2023-05-12 16:58:22,資料異常,請洽客服人員
彩虹島物語,吃草莓,2023-05-12 16:58:22,資料異常,請洽客服人員
彩虹島物語,金貝,2023-05-12 16:58:22,資料異常,請洽客服人員
彩虹島物語,樂多星,2023-05-12 16:58:22,資料異常,請洽客服人員
彩虹島物語,買個新玩具,2023-05-12 16:58:22,資料異常,請洽客服人員
彩虹島物語,一墨鄉,2023-05-12 16:58:22,資料異常,請洽客服人員
彩虹島物語,局之歲,2023-05-12 16:58:22,資料異常,請洽客服人員
彩虹島物語,魯兵,2023-05-12 16:58:21,資料異常,請洽客服人員
彩虹島物語,西山井,2023-05-12 16:58:21,資料異常,請洽客服人員
彩虹島物語,許願天使,2023-05-12 16:58:21,資料異常,請洽客服人員
彩虹島物語,默桃,2023-05-12 16:58:21,資料異常,請洽客服人員
彩虹島物語,給我餅乾,2023-05-12 16:58:21,資料異常,請洽客服人員
彩虹島物語,本來是,2023-05-12 16:58:21,資料異常,請洽客服人員
彩虹島物語,好魯,2023-05-12 16:58:21,資料異常,請洽客服人員
彩虹島物語,糯米飯,2023-05-12 16:58:21,資料異常,請洽客服人員
彩虹島物語,虎子王,2023-05-12 16:58:21,資料異常,請洽客服人員
彩虹島物語,藤水,2023-05-12 16:58:21,資料異常,請洽客服人員
彩虹島物語,炎赤燒,2023-05-12 16:58:21,資料異常,請洽客服人員
彩虹島物語,秘密蜜花園,2023-05-12 16:58:21,資料異常,請洽客服人員
彩虹島物語,鯉魚王者,2023-05-12 16:58:21,資料異常,請洽客服人員
彩虹島物語,魯拉哩,2023-05-12 16:58:21,資料異常,請洽客服人員
彩虹島物語,報米發,2023-05-12 16:58:21,資料異常,請洽客服人員
彩虹島物語,搭拉搭,2023-05-12 16:58:21,資料異常,請洽客服人員
彩虹島物語,傳說對決,2023-05-12 16:58:21,資料異常,請洽客服人員
彩虹島物語,閒人先人,2023-05-12 16:58:21,資料異常,請洽客服人員
彩虹島物語,芋香茄子,2023-05-12 16:58:21,資料異常,請洽客服人員
彩虹島物語,時間管里大師,2023-05-12 16:58:21,資料異常,請洽客服人員
彩虹島物語,最全鄉,2023-05-12 16:58:21,資料異常,請洽客服人員
彩虹島物語,拉拉露,2023-05-12 16:58:21,資料異常,請洽客服人員
彩虹島物語,辣花,2023-05-12 16:58:21,資料異常,請洽客服人員
彩虹島物語,鮮奶凍,2023-05-12 16:58:21,資料異常,請洽客服人員
彩虹島物語,午飯盒,2023-05-12 16:58:21,資料異常,請洽客服人員
彩虹島物語,炒面積,2023-05-12 16:58:21,資料異常,請洽客服人員
彩虹島物語,米之璽,2023-05-12 16:58:21,資料異常,請洽客服人員
彩虹島物語,胡椒粒,2023-05-12 16:58:21,資料異常,請洽客服人員
彩虹島物語,淺水區,2023-05-12 16:58:21,資料異常,請洽客服人員
彩虹島物語,君艦,2023-05-12 16:58:21,資料異常,請洽客服人員
彩虹島物語,貓貓嗚嗚,2023-05-12 16:58:21,資料異常,請洽客服人員
彩虹島物語,咖咖寶,2023-05-12 16:58:21,資料異常,請洽客服人員
彩虹島物語,達比,2023-05-12 16:58:20,資料異常,請洽客服人員
彩虹島物語,梅力號,2023-05-12 16:58:20,資料異常,請洽客服人員
彩虹島物語,京子號,2023-05-12 16:58:20,資料異常,請洽客服人員
彩虹島物語,鳳梨發電,2023-05-12 16:58:20,資料異常,請洽客服人員
彩虹島物語,水中木,2023-05-12 16:58:20,資料異常,請洽客服人員
彩虹島物語,勇者塔皮恩,2023-04-12 14:09:57,未能配合線上GM查緝作業，使用外掛(含自動練功、軟硬體加速、破解外掛、卡鍵…等),帳號永久停權
彩虹島物語,所念皆星核,2023-04-12 08:11:18,未能配合線上GM查緝作業，使用外掛(含自動練功、軟硬體加速、破解外掛、卡鍵…等),帳號永久停權
彩虹島物語,ttoll,2023-04-07 22:51:29,資料異常,請洽客服人員
彩虹島物語,哎叼你人,2023-04-07 22:51:29,資料異常,請洽客服人員
彩虹島物語,可樂殺手,2023-04-07 22:51:29,資料異常,請洽客服人員
彩虹島物語,圖片大師,2023-04-07 22:51:29,資料異常,請洽客服人員
彩虹島物語,污頭頭,2023-04-07 22:51:29,資料異常,請洽客服人員
彩虹島物語,滔天,2023-04-07 22:51:29,資料異常,請洽客服人員
彩虹島物語,怕他,2023-04-07 22:51:29,資料異常,請洽客服人員
彩虹島物語,阿天上,2023-04-07 22:51:29,資料異常,請洽客服人員
彩虹島物語,臺北羅志祥,2023-04-07 22:51:29,資料異常,請洽客服人員
彩虹島物語,發元氣彈,2023-04-07 22:51:29,資料異常,請洽客服人員
彩虹島物語,我做的夠好嗎,2023-04-07 22:51:29,資料異常,請洽客服人員
彩虹島物語,為什麼曾經不說,2023-04-07 22:51:28,資料異常,請洽客服人員
彩虹島物語,月亮之上,2023-04-07 22:51:28,資料異常,請洽客服人員
彩虹島物語,北冥的一條魚,2023-04-07 22:51:28,資料異常,請洽客服人員
彩虹島物語,王小帥,2023-04-07 22:51:28,資料異常,請洽客服人員
彩虹島物語,黑色大仲馬,2023-04-07 22:51:28,資料異常,請洽客服人員
彩虹島物語,絕對是很帥的,2023-04-07 22:51:28,資料異常,請洽客服人員
彩虹島物語,kelidd945,2023-04-07 22:51:28,資料異常,請洽客服人員
彩虹島物語,天下第三,2023-04-07 22:51:28,資料異常,請洽客服人員
彩虹島物語,好好的,2023-04-07 22:51:28,資料異常,請洽客服人員
彩虹島物語,黃貓,2023-04-07 22:51:28,資料異常,請洽客服人員
彩虹島物語,皇上嫁到,2023-04-07 22:51:28,資料異常,請洽客服人員
彩虹島物語,絕絕絕,2023-04-07 22:51:28,資料異常,請洽客服人員
彩虹島物語,薇薇暗,2023-04-07 22:51:28,資料異常,請洽客服人員
彩虹島物語,超級飛俠,2023-04-07 22:51:28,資料異常,請洽客服人員
彩虹島物語,天下作者,2023-04-07 22:51:28,資料異常,請洽客服人員
彩虹島物語,茶蛋子,2023-04-07 22:51:28,資料異常,請洽客服人員
彩虹島物語,欲望蛋蛋,2023-04-07 22:51:28,資料異常,請洽客服人員
彩虹島物語,狗頭無敵,2023-04-07 22:51:28,資料異常,請洽客服人員
彩虹島物語,好感動,2023-04-06 22:43:40,資料異常,請洽客服人員
彩虹島物語,大樂樂,2023-04-06 22:43:40,資料異常,請洽客服人員
彩虹島物語,你二狗,2023-04-06 22:43:40,資料異常,請洽客服人員
彩虹島物語,我是小白,2023-04-06 22:43:40,資料異常,請洽客服人員
彩虹島物語,只要你,2023-04-06 22:43:40,資料異常,請洽客服人員
彩虹島物語,努力呀,2023-04-06 22:43:40,資料異常,請洽客服人員
彩虹島物語,今晚出來玩,2023-04-06 22:43:40,資料異常,請洽客服人員
彩虹島物語,如果是你,2023-04-06 22:43:40,資料異常,請洽客服人員
彩虹島物語,馬自達大大,2023-04-06 22:43:40,資料異常,請洽客服人員
彩虹島物語,想穿品如的衣服,2023-04-06 22:43:40,資料異常,請洽客服人員
彩虹島物語,透明的小彩帶,2023-04-06 22:43:40,資料異常,請洽客服人員
彩虹島物語,想哦哦,2023-04-06 22:43:40,資料異常,請洽客服人員
彩虹島物語,西瓜不紅,2023-04-06 22:43:40,資料異常,請洽客服人員
彩虹島物語,文文達,2023-04-06 22:43:40,資料異常,請洽客服人員
彩虹島物語,有點想胡歌,2023-03-28 17:24:03,資料異常,請洽客服人員
彩虹島物語,白夜行不行,2023-03-28 17:24:03,資料異常,請洽客服人員
彩虹島物語,鬥牛要不要,2023-03-28 17:24:03,資料異常,請洽客服人員
彩虹島物語,木子7,2023-03-28 09:29:19,資料異常,請洽客服人員
彩虹島物語,星星子,2023-03-28 09:29:19,資料異常,請洽客服人員
彩虹島物語,周周子,2023-03-28 09:29:19,資料異常,請洽客服人員
彩虹島物語,白天打機,2023-03-28 09:29:19,資料異常,請洽客服人員
彩虹島物語,超人打賞,2023-03-28 09:29:19,資料異常,請洽客服人員
彩虹島物語,狗布布,2023-03-28 09:29:19,資料異常,請洽客服人員
彩虹島物語,馬狗狗,2023-03-28 09:29:19,資料異常,請洽客服人員
彩虹島物語,傻布布,2023-03-28 09:29:19,資料異常,請洽客服人員
彩虹島物語,偉文,2023-03-28 09:29:19,資料異常,請洽客服人員
彩虹島物語,鴨子子,2023-03-28 09:29:19,資料異常,請洽客服人員
彩虹島物語,雞蛋湯,2023-03-28 09:29:18,資料異常,請洽客服人員
彩虹島物語,肥肥狗,2023-03-28 09:29:18,資料異常,請洽客服人員
彩虹島物語,44596,2023-03-27 16:36:37,資料異常,請洽客服人員
彩虹島物語,夏九九,2023-03-27 16:36:37,資料異常,請洽客服人員
彩虹島物語,大蛋蛋,2023-03-27 16:36:37,資料異常,請洽客服人員
彩虹島物語,啊木木,2023-03-27 16:36:36,資料異常,請洽客服人員
彩虹島物語,蘇蘇子,2023-03-27 16:36:36,資料異常,請洽客服人員
彩虹島物語,大眼鎮,2023-03-27 16:36:36,資料異常,請洽客服人員
彩虹島物語,田七七,2023-03-27 16:36:36,資料異常,請洽客服人員
彩虹島物語,豬豬大,2023-03-27 16:36:36,資料異常,請洽客服人員
彩虹島物語,蟲蟲沖刺,2023-03-27 16:36:36,資料異常,請洽客服人員
彩虹島物語,晴天太好,2023-03-27 16:36:36,資料異常,請洽客服人員
彩虹島物語,天空的心,2023-03-27 16:36:36,資料異常,請洽客服人員
彩虹島物語,九月天,2023-03-27 16:36:36,資料異常,請洽客服人員
彩虹島物語,十月的牛,2023-03-27 16:36:36,資料異常,請洽客服人員
彩虹島物語,七月的狗,2023-03-27 16:36:36,資料異常,請洽客服人員
彩虹島物語,佩羅絲1,2023-03-27 16:36:36,資料異常,請洽客服人員
彩虹島物語,佩羅絲2,2023-03-27 16:36:36,資料異常,請洽客服人員
彩虹島物語,佩羅絲,2023-03-27 16:36:36,資料異常,請洽客服人員
彩虹島物語,劍九名曰六千裡,2023-03-27 16:36:36,資料異常,請洽客服人員
彩虹島物語,草圖大師,2023-03-27 16:36:36,資料異常,請洽客服人員
彩虹島物語,蒂哪,2023-03-27 16:36:36,資料異常,請洽客服人員
彩虹島物語,你乖點就不打你,2023-03-27 16:36:36,資料異常,請洽客服人員
彩虹島物語,布布明,2023-03-27 16:36:36,資料異常,請洽客服人員
彩虹島物語,FooUe,2023-03-27 16:36:36,資料異常,請洽客服人員
彩虹島物語,高小娟,2023-03-27 16:36:36,資料異常,請洽客服人員
彩虹島物語,二日的天,2023-03-27 16:36:36,資料異常,請洽客服人員
彩虹島物語,天下改變,2023-03-27 16:36:36,資料異常,請洽客服人員
彩虹島物語,風風下,2023-03-27 16:36:36,資料異常,請洽客服人員
彩虹島物語,天天上學,2023-03-27 16:36:36,資料異常,請洽客服人員
彩虹島物語,大狗狗狗,2023-03-27 16:36:36,資料異常,請洽客服人員
彩虹島物語,十二狗,2023-03-27 16:36:36,資料異常,請洽客服人員
彩虹島物語,ya*******rr,2023-03-14 08:29:10,資料異常,請洽客服人員
彩虹島物語,fe****ys,2023-03-14 08:29:10,資料異常,請洽客服人員
彩虹島物語,ma*****ss,2023-03-14 08:29:10,資料異常,請洽客服人員
彩虹島物語,yu*****78,2023-03-14 08:29:10,資料異常,請洽客服人員
彩虹島物語,tr*****54,2023-03-14 08:29:10,資料異常,請洽客服人員
彩虹島物語,fe*****g1,2023-03-14 08:29:10,資料異常,請洽客服人員
彩虹島物語,fe****ng,2023-03-14 08:29:10,資料異常,請洽客服人員
彩虹島物語,ui*****11,2023-03-14 08:29:10,資料異常,請洽客服人員
彩虹島物語,vb*****11,2023-03-14 08:29:10,資料異常,請洽客服人員
彩虹島物語,13******52,2023-03-14 08:29:09,資料異常,請洽客服人員
彩虹島物語,yu*****11,2023-03-14 08:29:09,資料異常,請洽客服人員
彩虹島物語,li*****02,2023-03-14 08:29:09,資料異常,請洽客服人員
彩虹島物語,xi*******ce,2023-03-14 08:29:09,資料異常,請洽客服人員
彩虹島物語,zy********n4,2023-03-14 08:29:09,資料異常,請洽客服人員
彩虹島物語,la********01,2023-03-14 08:29:09,資料異常,請洽客服人員
彩虹島物語,tr****77,2023-03-14 08:29:09,資料異常,請洽客服人員
彩虹島物語,ha*******66,2023-03-14 08:29:09,資料異常,請洽客服人員
彩虹島物語,he*****55,2023-03-14 08:29:09,資料異常,請洽客服人員
彩虹島物語,pjm,2023-03-13 15:37:27,資料異常,請洽客服人員
彩虹島物語,iNbhfufGIDUGW,2023-03-13 14:07:12,資料異常,請洽客服人員
彩虹島物語,真是可笑,2023-03-13 14:07:12,資料異常,請洽客服人員
彩虹島物語,我有個大夢想,2023-03-13 14:07:12,資料異常,請洽客服人員
彩虹島物語,很愛你的喲,2023-03-13 14:07:12,資料異常,請洽客服人員
彩虹島物語,嘻嘻嘻喲哈哈,2023-03-13 14:07:12,資料異常,請洽客服人員
彩虹島物語,幾天以後哦,2023-03-13 14:07:12,資料異常,請洽客服人員
彩虹島物語,我的熱盛我做主,2023-03-13 11:52:45,資料異常,請洽客服人員
彩虹島物語,一只鍋包肉,2023-03-13 11:38:21,資料異常,請洽客服人員
彩虹島物語,ayang1,2023-03-13 11:38:21,未能配合線上GM查緝作業，使用外掛(含自動練功、軟硬體加速、破解外掛、卡鍵…等),帳號永久停權
彩虹島物語,我真得栓Q了,2023-03-10 16:59:19,資料異常,請洽客服人員
彩虹島物語,撓襠少年,2023-03-10 16:59:19,資料異常,請洽客服人員
彩虹島物語,gf****11,2023-03-10 15:12:37,資料異常,請洽客服人員
彩虹島物語,tr******9d,2023-03-10 15:12:37,資料異常,請洽客服人員
彩虹島物語,ty***52,2023-03-10 15:12:37,資料異常,請洽客服人員
彩虹島物語,re*********11,2023-03-10 15:12:37,資料異常,請洽客服人員
彩虹島物語,sh******00,2023-03-10 15:12:37,資料異常,請洽客服人員
彩虹島物語,da****77,2023-03-10 15:12:37,資料異常,請洽客服人員
彩虹島物語,筱筱易水寒,2023-03-10 08:38:04,有影射現實生活的金錢做買賣情況(經官方人員查證屬實),警告限期改善
彩虹島物語,允崽剛睡醒,2023-03-10 08:36:53,有影射現實生活的金錢做買賣情況(經官方人員查證屬實),帳號停權7日
彩虹島物語,南音i,2023-03-10 08:31:48,資料異常,請洽客服人員
彩虹島物語,阿傑魯阿傑,2023-03-10 08:14:13,未能配合線上GM查緝作業，使用外掛(含自動練功、軟硬體加速、破解外掛、卡鍵…等),帳號永久停權
彩虹島物語,564645,2023-03-09 20:33:05,有影射現實生活的金錢做買賣情況(經官方人員查證屬實),警告乙次
彩虹島物語,逛該遊俠i,2023-03-09 17:03:39,有影射現實生活的金錢做買賣情況(經官方人員查證屬實),警告乙次
彩虹島物語,布哇哇,2023-03-09 17:03:39,資料異常,請洽客服人員
彩虹島物語,小呦呦噢噢,2023-03-09 17:03:39,資料異常,請洽客服人員
彩虹島物語,天選雉魂,2023-03-09 17:03:39,資料異常,請洽客服人員
彩虹島物語,wa*****52,2023-03-08 10:02:46,資料異常,請洽客服人員
彩虹島物語,wu******21,2023-03-08 10:02:46,資料異常,請洽客服人員
彩虹島物語,f8****14,2023-03-08 10:02:46,資料異常,請洽客服人員
彩虹島物語,xy*******26,2023-03-08 10:02:46,資料異常,請洽客服人員
彩虹島物語,zx*****39,2023-03-08 10:02:46,資料異常,請洽客服人員
彩虹島物語,as******56,2023-03-08 10:02:45,資料異常,請洽客服人員
彩虹島物語,ox****47,2023-03-08 10:02:45,資料異常,請洽客服人員
彩虹島物語,sm*******55,2023-03-08 10:02:45,資料異常,請洽客服人員
彩虹島物語,a8*******60,2023-03-08 10:02:45,資料異常,請洽客服人員
彩虹島物語,ti*******85,2023-03-08 10:02:45,資料異常,請洽客服人員
彩虹島物語,sh****12,2023-03-08 10:02:45,資料異常,請洽客服人員
彩虹島物語,as******31,2023-03-08 10:02:45,資料異常,請洽客服人員
彩虹島物語,bj*****03,2023-03-08 10:02:45,資料異常,請洽客服人員
彩虹島物語,si*****47,2023-03-08 10:02:45,資料異常,請洽客服人員
彩虹島物語,th******14,2023-03-08 10:02:45,資料異常,請洽客服人員
彩虹島物語,wl******16,2023-03-08 10:02:45,資料異常,請洽客服人員
彩虹島物語,ma****23,2023-03-08 10:02:45,資料異常,請洽客服人員
彩虹島物語,wi*****52,2023-03-08 10:02:45,資料異常,請洽客服人員
彩虹島物語,go*******67,2023-03-08 10:02:45,資料異常,請洽客服人員
彩虹島物語,pl******11,2023-03-08 10:02:45,資料異常,請洽客服人員
彩虹島物語,sh*****64,2023-03-08 10:02:45,資料異常,請洽客服人員
彩虹島物語,ra*****09,2023-03-08 10:02:45,資料異常,請洽客服人員
彩虹島物語,vu****12,2023-03-08 10:02:45,資料異常,請洽客服人員
彩虹島物語,z9*****66,2023-03-08 10:02:45,資料異常,請洽客服人員
彩虹島物語,al*******07,2023-03-08 10:02:45,資料異常,請洽客服人員
彩虹島物語,pt*****00,2023-03-08 10:02:45,資料異常,請洽客服人員
彩虹島物語,a5*****50,2023-03-08 10:02:45,資料異常,請洽客服人員
彩虹島物語,ho****27,2023-03-08 10:02:45,資料異常,請洽客服人員
彩虹島物語,yl****05,2023-03-08 10:02:45,資料異常,請洽客服人員
彩虹島物語,p5****33,2023-03-08 10:02:45,資料異常,請洽客服人員
彩虹島物語,S0*****64,2023-03-08 10:02:44,資料異常,請洽客服人員
彩虹島物語,to*****97,2023-03-08 10:02:44,資料異常,請洽客服人員
彩虹島物語,lo*******87,2023-03-08 10:02:44,資料異常,請洽客服人員
彩虹島物語,aa*****58,2023-03-08 10:02:43,資料異常,請洽客服人員
彩虹島物語,je******13,2023-03-08 10:02:43,資料異常,請洽客服人員
彩虹島物語,cs******07,2023-03-08 10:02:43,資料異常,請洽客服人員
彩虹島物語,ku****25,2023-03-08 10:02:43,資料異常,請洽客服人員
彩虹島物語,zx*****23,2023-03-08 10:02:43,資料異常,請洽客服人員
彩虹島物語,te****93,2023-03-08 10:02:43,資料異常,請洽客服人員
彩虹島物語,sk****84,2023-03-08 10:02:43,資料異常,請洽客服人員
彩虹島物語,kk*****50,2023-03-08 10:02:43,資料異常,請洽客服人員
彩虹島物語,ry******07,2023-03-08 10:02:43,資料異常,請洽客服人員
彩虹島物語,zx*******07,2023-03-08 10:02:43,資料異常,請洽客服人員
彩虹島物語,zx****77,2023-03-08 10:02:43,資料異常,請洽客服人員
彩虹島物語,fu****01,2023-03-08 10:02:43,資料異常,請洽客服人員
彩虹島物語,s8****71,2023-03-08 10:02:36,資料異常,請洽客服人員
彩虹島物語,ct******63,2023-03-08 10:02:35,資料異常,請洽客服人員
彩虹島物語,gt*****85,2023-03-08 10:02:35,資料異常,請洽客服人員
彩虹島物語,pa*****tw,2023-03-08 10:02:35,資料異常,請洽客服人員
彩虹島物語,f1*****55,2023-03-08 10:02:35,資料異常,請洽客服人員
彩虹島物語,s7******63,2023-03-08 10:02:35,資料異常,請洽客服人員
彩虹島物語,s8*****04,2023-03-08 10:02:35,資料異常,請洽客服人員
彩虹島物語,dh******02,2023-03-08 10:02:35,資料異常,請洽客服人員
彩虹島物語,da****18,2023-03-08 10:02:35,資料異常,請洽客服人員
彩虹島物語,sr*****28,2023-03-08 10:02:35,資料異常,請洽客服人員
彩虹島物語,as******30,2023-03-08 10:02:35,資料異常,請洽客服人員
彩虹島物語,ma*****23,2023-03-08 10:02:35,資料異常,請洽客服人員
彩虹島物語,ju******04,2023-03-08 10:02:35,資料異常,請洽客服人員
彩虹島物語,ll******36,2023-03-08 10:02:35,資料異常,請洽客服人員
彩虹島物語,zx****69,2023-03-08 10:02:35,資料異常,請洽客服人員
彩虹島物語,to******60,2023-03-08 10:02:34,資料異常,請洽客服人員
彩虹島物語,qw*****41,2023-03-08 10:02:34,資料異常,請洽客服人員
彩虹島物語,a0*******77,2023-03-08 10:02:34,資料異常,請洽客服人員
彩虹島物語,qa*****12,2023-03-08 10:02:34,資料異常,請洽客服人員
彩虹島物語,sk********13,2023-03-08 10:02:34,資料異常,請洽客服人員
彩虹島物語,zx******98,2023-03-08 10:02:34,資料異常,請洽客服人員
彩虹島物語,wy*****az,2023-03-08 10:02:34,資料異常,請洽客服人員
彩虹島物語,ns*****70,2023-03-08 10:02:34,資料異常,請洽客服人員
彩虹島物語,g8****k3,2023-03-08 10:02:34,資料異常,請洽客服人員
彩虹島物語,lo******86,2023-03-08 10:02:34,資料異常,請洽客服人員
彩虹島物語,a1****4a,2023-03-08 10:02:34,資料異常,請洽客服人員
彩虹島物語,go********97,2023-03-08 10:02:34,資料異常,請洽客服人員
彩虹島物語,ni******31,2023-03-08 10:02:34,資料異常,請洽客服人員
彩虹島物語,ji******77,2023-03-08 10:02:34,資料異常,請洽客服人員
彩虹島物語,jd*****01,2023-03-08 10:02:34,資料異常,請洽客服人員
彩虹島物語,ja*******75,2023-03-07 11:15:55,資料異常,請洽客服人員
彩虹島物語,e2*****2w,2023-03-07 11:15:54,資料異常,請洽客服人員
彩虹島物語,gu******29,2023-03-07 11:15:54,資料異常,請洽客服人員
彩虹島物語,a8*****52,2023-03-07 11:15:54,資料異常,請洽客服人員
彩虹島物語,la*******27,2023-03-07 11:15:54,資料異常,請洽客服人員
彩虹島物語,s1******31,2023-03-07 11:15:54,資料異常,請洽客服人員
彩虹島物語,ee****18,2023-03-07 11:15:54,資料異常,請洽客服人員
彩虹島物語,ev****13,2023-03-07 11:15:54,資料異常,請洽客服人員
彩虹島物語,zx******23,2023-03-07 11:15:54,資料異常,請洽客服人員
彩虹島物語,aq****56,2023-03-07 11:15:54,資料異常,請洽客服人員
彩虹島物語,ja*****18,2023-03-07 11:15:54,資料異常,請洽客服人員
彩虹島物語,ea*******ve,2023-03-07 11:15:54,資料異常,請洽客服人員
彩虹島物語,ga********15,2023-03-07 11:15:54,資料異常,請洽客服人員
彩虹島物語,kp******25,2023-03-07 11:15:54,資料異常,請洽客服人員
彩虹島物語,ka*****14,2023-03-07 11:15:54,資料異常,請洽客服人員
彩虹島物語,ja*******67,2023-03-07 11:15:47,資料異常,請洽客服人員
彩虹島物語,ke*****12,2023-03-07 11:15:47,資料異常,請洽客服人員
彩虹島物語,fk****69,2023-03-07 11:15:47,資料異常,請洽客服人員
彩虹島物語,a8******02,2023-03-07 11:15:47,資料異常,請洽客服人員
彩虹島物語,A6******20,2023-03-07 11:15:47,資料異常,請洽客服人員
彩虹島物語,萬事勝意,2023-03-06 13:46:34,未能配合線上GM查緝作業，使用外掛(含自動練功、軟硬體加速、破解外掛、卡鍵…等),帳號永久停權
彩虹島物語,老闆我是吉他啊,2023-03-06 09:45:11,未能配合線上GM查緝作業，使用外掛(含自動練功、軟硬體加速、破解外掛、卡鍵…等),帳號永久停權
彩虹島物語,忘仔小饅頭,2023-03-06 09:45:11,未能配合線上GM查緝作業，使用外掛(含自動練功、軟硬體加速、破解外掛、卡鍵…等),帳號永久停權
彩虹島物語,賈朋友,2023-03-05 22:00:39,有影射現實生活的金錢做買賣情況(經官方人員查證屬實),帳號停權7日
彩虹島物語,伯先生,2023-03-05 21:58:38,有影射現實生活的金錢做買賣情況(經官方人員查證屬實),警告限期改善
彩虹島物語,賈朋友,2023-03-03 21:29:09,影射現實生活的金錢做買賣情況(經官方人員查證屬實),警告乙次
彩虹島物語,puch,2023-03-03 18:47:56,有影射現實生活的金錢做買賣情況(經官方人員查證屬實),警告乙次
彩虹島物語,咖啡話,2023-03-03 15:53:05,影射現實生活的金錢做買賣情況(經官方人員查證屬實),帳號停權7日
彩虹島物語,咖啡話,2023-03-03 15:22:57,影射現實生活的金錢做買賣情況(經官方人員查證屬實),警告乙次
彩虹島物語,溫室,2023-03-02 19:48:46,未能配合線上GM查緝作業，使用外掛(含自動練功、軟硬體加速、破解外掛、卡鍵…等),帳號永久停權
彩虹島物語,狂暴之刃,2023-03-02 14:50:25,未能配合線上GM查緝作業，使用外掛(含自動練功、軟硬體加速、破解外掛、卡鍵…等),帳號永久停權
彩虹島物語,龍京城的喵,2023-03-02 09:33:23,有影射現實生活的金錢做買賣情況(經官方人員查證屬實),警告乙次
彩虹島物語,被蚊子咬了,2023-03-01 21:08:47,有影射現實生活的金錢做買賣情況(經官方人員查證屬實),警告限期改善
彩虹島物語,布魯不舒服,2023-03-01 19:22:43,未能配合線上GM查緝作業，使用外掛(含自動練功、軟硬體加速、破解外掛、卡鍵…等),帳號永久停權
彩虹島物語,yntugda6,2023-02-28 14:30:32,資料異常,請洽客服人員
彩虹島物語,Ruzy,2023-02-28 14:30:32,資料異常,請洽客服人員
彩虹島物語,my9g,2023-02-28 14:30:32,資料異常,請洽客服人員
彩虹島物語,3sbegxb9,2023-02-28 14:30:32,資料異常,請洽客服人員
彩虹島物語,hfsk,2023-02-28 14:30:32,資料異常,請洽客服人員
彩虹島物語,brp7ztey,2023-02-28 14:30:32,資料異常,請洽客服人員
彩虹島物語,kgjh9s9bdf,2023-02-28 14:30:32,資料異常,請洽客服人員
彩虹島物語,cc3536xc,2023-02-28 14:30:32,資料異常,請洽客服人員
彩虹島物語,xrbafdp3,2023-02-28 14:30:32,資料異常,請洽客服人員
彩虹島物語,CP2,2023-02-28 14:30:32,資料異常,請洽客服人員
彩虹島物語,yffq,2023-02-28 14:30:32,資料異常,請洽客服人員
彩虹島物語,Joka,2023-02-28 14:30:28,資料異常,請洽客服人員
彩虹島物語,5gszfpnkyq,2023-02-28 14:30:28,資料異常,請洽客服人員
彩虹島物語,Poin,2023-02-28 14:30:28,資料異常,請洽客服人員
彩虹島物語,74n4eendys,2023-02-28 14:30:28,資料異常,請洽客服人員
彩虹島物語,cxwhdatcnv,2023-02-28 14:30:28,資料異常,請洽客服人員
彩虹島物語,Eata,2023-02-28 14:30:28,資料異常,請洽客服人員
彩虹島物語,Cops,2023-02-28 14:30:28,資料異常,請洽客服人員
彩虹島物語,bu3wxcc4kv,2023-02-28 14:30:28,資料異常,請洽客服人員
彩虹島物語,wvnb54y4y6,2023-02-28 14:30:27,資料異常,請洽客服人員
彩虹島物語,ekjc7ygutd,2023-02-28 14:30:27,資料異常,請洽客服人員
彩虹島物語,Lino,2023-02-28 14:30:27,資料異常,請洽客服人員
彩虹島物語,Hama,2023-02-28 14:30:27,資料異常,請洽客服人員
彩虹島物語,g74ut7xust,2023-02-28 14:30:27,資料異常,請洽客服人員
彩虹島物語,zregesg,2023-02-28 14:30:27,資料異常,請洽客服人員
彩虹島物語,9r7jvadufu,2023-02-28 14:30:27,資料異常,請洽客服人員
彩虹島物語,狗頭上了2,2023-02-22 16:24:58,資料異常,請洽客服人員
彩虹島物語,狗頭上了,2023-02-22 16:24:58,資料異常,請洽客服人員
彩虹島物語,狗頭上了7,2023-02-22 16:24:58,資料異常,請洽客服人員
彩虹島物語,狗頭上了3,2023-02-22 16:24:58,資料異常,請洽客服人員
彩虹島物語,狗頭上了5,2023-02-22 16:24:58,資料異常,請洽客服人員
彩虹島物語,狗頭上了4,2023-02-22 16:24:58,資料異常,請洽客服人員
彩虹島物語,狗頭上了8,2023-02-22 16:24:58,資料異常,請洽客服人員
彩虹島物語,狗頭上了6,2023-02-22 16:24:58,資料異常,請洽客服人員
彩虹島物語,MontheG1,2023-02-21 19:51:43,收受程式漏洞使用者不法道具的玩家。(經官方人員查證屬實),帳號停權7日
彩虹島物語,MontheG1,2023-02-21 19:51:11,有影射現實生活的金錢做買賣情況(經官方人員查證屬實),警告限期改善
彩虹島物語,鳳梨檸檬茶,2023-02-21 16:50:39,資料異常,請洽客服人員
彩虹島物語,applr ,2023-02-21 16:50:39,資料異常,請洽客服人員
彩虹島物語,Moeeee,2023-02-21 16:50:39,有影射現實生活的金錢做買賣情況(經官方人員查證屬實),警告限期改善
彩虹島物語,瑩瑩mylove,2023-02-21 16:50:39,資料異常,請洽客服人員
彩虹島物語,閩南地頭蛇,2023-02-21 16:50:39,資料異常,請洽客服人員
彩虹島物語,李幸倪 ,2023-02-21 16:50:39,資料異常,請洽客服人員
彩虹島物語,正經喵,2023-02-21 16:50:39,資料異常,請洽客服人員
彩虹島物語,火爆小子,2023-02-21 16:50:39,資料異常,請洽客服人員
彩虹島物語,傾天,2023-02-21 16:50:39,資料異常,請洽客服人員
彩虹島物語,砍柴刀,2023-02-21 16:50:39,有影射現實生活的金錢做買賣情況(經官方人員查證屬實),第一次違規，警告一次
彩虹島物語,貝爾薇絲,2023-02-21 16:50:39,資料異常,請洽客服人員
彩虹島物語,龍京城的喵,2023-02-21 16:50:39,資料異常,請洽客服人員
彩虹島物語,迪熱力妮,2023-02-21 16:09:45,收受程式漏洞使用者不法道具的玩家。(經官方人員查證屬實),帳號停權7日
彩虹島物語,cbsju12,2023-02-21 15:32:25,資料異常,請洽客服人員
彩虹島物語,bsim07,2023-02-21 15:32:25,資料異常,請洽客服人員
彩虹島物語,benfan06,2023-02-21 15:32:25,資料異常,請洽客服人員
彩虹島物語,bacanren05,2023-02-21 15:32:25,資料異常,請洽客服人員
彩虹島物語,asldmoi05,2023-02-21 15:32:25,資料異常,請洽客服人員
彩虹島物語,cbai11,2023-02-21 15:32:25,資料異常,請洽客服人員
彩虹島物語,cmsn18,2023-02-21 15:32:24,資料異常,請洽客服人員
彩虹島物語,biu08,2023-02-21 15:32:23,資料異常,請洽客服人員
彩虹島物語,cjdu04,2023-02-21 15:32:23,資料異常,請洽客服人員
彩虹島物語,chiraoji03,2023-02-21 15:32:23,資料異常,請洽客服人員
彩虹島物語,chejiao03,2023-02-21 15:32:23,資料異常,請洽客服人員
彩虹島物語,cdef04,2023-02-21 15:32:23,資料異常,請洽客服人員
彩虹島物語,canren03,2023-02-21 15:32:23,資料異常,請洽客服人員
彩虹島物語,boxing03,2023-02-21 15:32:23,資料異常,請洽客服人員
彩虹島物語,cspaij05,2023-02-21 15:32:23,資料異常,請洽客服人員
彩虹島物語,csuw11,2023-02-21 15:32:23,資料異常,請洽客服人員
彩虹島物語,csuh11,2023-02-21 15:32:23,資料異常,請洽客服人員
彩虹島物語,csnu10,2023-02-21 15:32:23,資料異常,請洽客服人員
彩虹島物語,csiu14,2023-02-21 15:32:23,資料異常,請洽客服人員
彩虹島物語,csh10,2023-02-21 15:32:23,資料異常,請洽客服人員
彩虹島物語,csuw16,2023-02-21 15:32:23,資料異常,請洽客服人員
彩虹島物語,csou16,2023-02-21 15:32:23,資料異常,請洽客服人員
彩虹島物語,sdiu08,2023-02-21 15:32:16,資料異常,請洽客服人員
彩虹島物語,sdinj04,2023-02-21 15:32:16,資料異常,請洽客服人員
彩虹島物語,sder04,2023-02-21 15:32:16,資料異常,請洽客服人員
彩虹島物語,sdefrf04,2023-02-21 15:32:16,資料異常,請洽客服人員
彩虹島物語,sdeef04,2023-02-21 15:32:16,資料異常,請洽客服人員
彩虹島物語,scbx04,2023-02-21 15:32:16,資料異常,請洽客服人員
彩虹島物語,sajdi03,2023-02-21 15:32:15,資料異常,請洽客服人員
彩虹島物語,renqia03,2023-02-21 15:32:15,資料異常,請洽客服人員
彩虹島物語,sdjij09,2023-02-21 15:32:15,資料異常,請洽客服人員
彩虹島物語,sdjh09,2023-02-21 15:32:15,資料異常,請洽客服人員
彩虹島物語,sdix04,2023-02-21 15:32:15,資料異常,請洽客服人員
彩虹島物語,sdjoaj05,2023-02-21 15:32:15,資料異常,請洽客服人員
彩虹島物語,sdjj05,2023-02-21 15:32:15,資料異常,請洽客服人員
彩虹島物語,sdjoa11,2023-02-21 15:32:15,資料異常,請洽客服人員
彩虹島物語,sdkeo01,2023-02-21 15:32:15,資料異常,請洽客服人員
彩虹島物語,sdli07,2023-02-21 15:32:15,資料異常,請洽客服人員
彩虹島物語,sdk06,2023-02-21 15:32:15,資料異常,請洽客服人員
彩虹島物語,sdwu11,2023-02-21 15:32:15,資料異常,請洽客服人員
彩虹島物語,shndu09,2023-02-21 15:32:15,資料異常,請洽客服人員
彩虹島物語,shdu09,2023-02-21 15:32:15,資料異常,請洽客服人員
彩虹島物語,sdu09,2023-02-21 15:32:15,資料異常,請洽客服人員
彩虹島物語,sdkwlb18,2023-02-21 15:32:15,資料異常,請洽客服人員
彩虹島物語,sdki08,2023-02-21 15:32:15,資料異常,請洽客服人員
彩虹島物語,sdmopw18,2023-02-21 15:32:15,資料異常,請洽客服人員
彩虹島物語,shndu14,2023-02-21 15:32:15,資料異常,請洽客服人員
彩虹島物語,sdun10,2023-02-21 15:32:15,資料異常,請洽客服人員
彩虹島物語,sdni10,2023-02-21 15:32:15,資料異常,請洽客服人員
彩虹島物語,sdlj10,2023-02-21 15:32:15,資料異常,請洽客服人員
彩虹島物語,sdwbgi16,2023-02-21 15:32:15,資料異常,請洽客服人員
彩虹島物語,sdw17,2023-02-21 15:32:15,資料異常,請洽客服人員
彩虹島物語,xsin04,2023-02-21 15:32:14,資料異常,請洽客服人員
彩虹島物語,xsi04,2023-02-21 15:32:14,資料異常,請洽客服人員
彩虹島物語,xxs04,2023-02-21 15:32:14,資料異常,請洽客服人員
彩虹島物語,xixhns04,2023-02-21 15:32:14,資料異常,請洽客服人員
彩虹島物語,xicn04,2023-02-21 15:32:14,資料異常,請洽客服人員
彩虹島物語,xsu12,2023-02-21 15:32:14,資料異常,請洽客服人員
彩虹島物語,xsnu12,2023-02-21 15:32:13,資料異常,請洽客服人員
彩虹島物語,xsnah07,2023-02-21 15:32:13,資料異常,請洽客服人員
彩虹島物語,xsn12,2023-02-21 15:32:13,資料異常,請洽客服人員
彩虹島物語,xunchen05,2023-02-21 15:32:13,資料異常,請洽客服人員
彩虹島物語,xsni06,2023-02-21 15:32:13,資料異常,請洽客服人員
彩虹島物語,xsuw18,2023-02-21 15:32:13,資料異常,請洽客服人員
彩虹島物語,xsjig09,2023-02-21 15:32:13,資料異常,請洽客服人員
彩虹島物語,zhuopou06,2023-02-21 15:32:13,資料異常,請洽客服人員
彩虹島物語,zhongshan06,2023-02-21 15:32:13,資料異常,請洽客服人員
彩虹島物語,你還活著,2023-02-02 17:42:07,未能配合線上GM查緝作業，使用外掛(含自動練功、軟硬體加速、破解外掛、卡鍵…等),帳號永久停權
彩虹島物語,Eleina,2023-02-02 11:25:32,資料異常,請洽客服人員
彩虹島物語,阿易洗鐵路,2023-02-02 11:25:32,資料異常,請洽客服人員
彩虹島物語,菜虛坤,2023-02-02 11:25:31,資料異常,請洽客服人員
彩虹島物語,杰克李,2023-02-02 11:25:31,資料異常,請洽客服人員
彩虹島物語,SedateLuke,2023-02-02 11:25:31,資料異常,請洽客服人員
彩虹島物語,彈劍清歌,2023-02-02 11:25:31,資料異常,請洽客服人員
彩虹島物語,南夕不想取名,2023-02-02 11:25:31,資料異常,請洽客服人員
彩虹島物語,江霧,2023-02-02 11:25:31,資料異常,請洽客服人員
彩虹島物語,辛巴小胖友,2023-02-02 11:25:31,資料異常,請洽客服人員
彩虹島物語,亞只汪汪,2023-02-02 11:25:31,收受程式漏洞使用者不法道具的玩家。(經官方人員查證屬實),帳號停權7日
彩虹島物語,洞悉底蘊,2023-02-01 11:07:51,資料異常,請洽客服人員
彩虹島物語,大下雨天,2023-02-01 11:07:51,資料異常,請洽客服人員
彩虹島物語,歐陽婷,2023-02-01 11:07:51,未能配合線上GM查緝作業，使用外掛(含自動練功、軟硬體加速、破解外掛、卡鍵…等),帳號永久停權
彩虹島物語,刀刀見血,2023-02-01 11:07:51,未能配合線上GM查緝作業，使用外掛(含自動練功、軟硬體加速、破解外掛、卡鍵…等),帳號永久停權
彩虹島物語,觀音菩薩,2023-02-01 11:07:51,未能配合線上GM查緝作業，使用外掛(含自動練功、軟硬體加速、破解外掛、卡鍵…等),帳號永久停權
彩虹島物語,洛汐 ,2023-01-31 19:55:47,資料異常,請洽客服人員
彩虹島物語,若熙 ,2023-01-31 19:55:47,資料異常,請洽客服人員
彩虹島物語,g是寫個 ,2023-01-31 19:55:47,資料異常,請洽客服人員
彩虹島物語,撒法佛教給 ,2023-01-31 19:55:47,資料異常,請洽客服人員
彩虹島物語,xzgg ,2023-01-31 19:55:47,資料異常,請洽客服人員
彩虹島物語,是個撒注冊表v ,2023-01-31 19:55:47,資料異常,請洽客服人員
彩虹島物語,深海深藍 ,2023-01-31 19:55:47,資料異常,請洽客服人員
彩虹島物語,蜁嫁褽鏗蚗 ,2023-01-31 19:55:47,資料異常,請洽客服人員
彩虹島物語,盎司續不喜歡 ,2023-01-31 19:55:47,資料異常,請洽客服人員
彩虹島物語,肉得尼瑪的b一批 ,2023-01-31 19:55:46,資料異常,請洽客服人員
彩虹島物語,阿斯佛山佔內存V ,2023-01-31 19:55:46,資料異常,請洽客服人員
彩虹島物語,森深不見鹿 ,2023-01-31 19:55:46,資料異常,請洽客服人員
彩虹島物語,gdadg ,2023-01-31 19:55:46,資料異常,請洽客服人員
彩虹島物語,淺夏初眠 ,2023-01-31 19:55:46,資料異常,請洽客服人員
彩虹島物語,及馬會是那種想,2023-01-31 19:31:52,未能配合線上GM查緝作業，使用外掛(含自動練功、軟硬體加速、破解外掛、卡鍵…等),帳號永久停權
彩虹島物語,niubipss,2023-01-31 19:24:50,未能配合線上GM查緝作業，使用外掛(含自動練功、軟硬體加速、破解外掛、卡鍵…等),帳號永久停權
彩虹島物語,抹茶鹿鹿,2023-01-31 11:21:20,未能配合線上GM查緝作業，使用外掛(含自動練功、軟硬體加速、破解外掛、卡鍵…等),帳號永久停權
彩虹島物語,傾離寒,2023-01-31 11:21:20,未能配合線上GM查緝作業，使用外掛(含自動練功、軟硬體加速、破解外掛、卡鍵…等),帳號永久停權
彩虹島物語,Esol,2023-01-30 14:55:43,未能配合線上GM查緝作業，使用外掛(含自動練功、軟硬體加速、破解外掛、卡鍵…等),帳號永久停權
彩虹島物語,窩嫩跌,2023-01-20 20:05:57,未能配合線上GM查緝作業，使用外掛(含自動練功、軟硬體加速、破解外掛、卡鍵…等),帳號永久停權
彩虹島物語,是否健康有,2023-01-20 19:50:58,未能配合線上GM查緝作業，使用外掛(含自動練功、軟硬體加速、破解外掛、卡鍵…等),帳號永久停權
彩虹島物語,小莉莉沫,2023-01-20 19:50:08,未能配合線上GM查緝作業，使用外掛(含自動練功、軟硬體加速、破解外掛、卡鍵…等),帳號永久停權
彩虹島物語,六花,2023-01-16 09:56:38,使用外掛或利用輔助程式進行遊戲(經官方人員查證屬實),帳號永久停權
彩虹島物語,菈妮,2023-01-14 11:31:19,資料異常,請洽客服人員
彩虹島物語,鍾骯絳呇,2023-01-14 10:57:34,未能配合線上GM查緝作業，使用外掛(含自動練功、軟硬體加速、破解外掛、卡鍵…等),帳號永久停權
彩虹島物語,乂唄逼咚快n,2023-01-14 10:34:00,未能配合線上GM查緝作業，使用外掛(含自動練功、軟硬體加速、破解外掛、卡鍵…等),帳號永久停權
彩虹島物語,賞月,2023-01-10 22:57:59,收受程式漏洞使用者不法道具的玩家。(經官方人員查證屬實),凍結7天
彩虹島物語,還挺好今天熱古風,2023-01-10 01:34:08,未能配合線上GM查緝作業，使用外掛(含自動練功、軟硬體加速、破解外掛、卡鍵…等),帳號永久停權
彩虹島物語,個帶個人加你哈,2023-01-09 03:30:11,未能配合線上GM查緝作業，使用外掛(含自動練功、軟硬體加速、破解外掛、卡鍵…等),帳號永久停權
彩虹島物語,gu****90,2022-12-23 10:37:35,資料異常,請洽客服人員
彩虹島物語,gu****89,2022-12-23 10:37:35,資料異常,請洽客服人員
彩虹島物語,gu****88,2022-12-23 10:37:34,資料異常,請洽客服人員
彩虹島物語,gu****87,2022-12-23 10:37:34,資料異常,請洽客服人員
彩虹島物語,gu****86,2022-12-23 10:37:34,資料異常,請洽客服人員
彩虹島物語,gu****85,2022-12-23 10:37:34,資料異常,請洽客服人員
彩虹島物語,gu****84,2022-12-23 10:37:34,資料異常,請洽客服人員
彩虹島物語,gu****83,2022-12-23 10:37:34,資料異常,請洽客服人員
彩虹島物語,gu****82,2022-12-23 10:37:34,資料異常,請洽客服人員
彩虹島物語,gu****81,2022-12-23 10:37:34,資料異常,請洽客服人員
彩虹島物語,gu****80,2022-12-23 10:37:34,資料異常,請洽客服人員
彩虹島物語,gu****79,2022-12-23 10:37:34,資料異常,請洽客服人員
彩虹島物語,gu****78,2022-12-23 10:37:34,資料異常,請洽客服人員
彩虹島物語,gu****77,2022-12-23 10:37:34,資料異常,請洽客服人員
彩虹島物語,gu****76,2022-12-23 10:37:34,資料異常,請洽客服人員
彩虹島物語,gu****75,2022-12-23 10:37:34,資料異常,請洽客服人員
彩虹島物語,gu****74,2022-12-23 10:37:34,資料異常,請洽客服人員
彩虹島物語,gu****73,2022-12-23 10:37:34,資料異常,請洽客服人員
彩虹島物語,gu****72,2022-12-23 10:37:34,資料異常,請洽客服人員
彩虹島物語,gu****71,2022-12-23 10:37:34,資料異常,請洽客服人員
彩虹島物語,gu****70,2022-12-23 10:37:34,資料異常,請洽客服人員
彩虹島物語,gu****69,2022-12-23 10:37:34,資料異常,請洽客服人員
彩虹島物語,gu****68,2022-12-23 10:37:34,資料異常,請洽客服人員
彩虹島物語,gu****67,2022-12-23 10:37:34,資料異常,請洽客服人員
彩虹島物語,gu****66,2022-12-23 10:37:34,資料異常,請洽客服人員
彩虹島物語,gu****65,2022-12-23 10:37:34,資料異常,請洽客服人員
彩虹島物語,gu****64,2022-12-23 10:37:34,資料異常,請洽客服人員
彩虹島物語,gu****63,2022-12-23 10:37:34,資料異常,請洽客服人員
彩虹島物語,gu****62,2022-12-23 10:37:34,資料異常,請洽客服人員
彩虹島物語,gu****61,2022-12-23 10:37:34,資料異常,請洽客服人員
彩虹島物語,dafeagr,2022-12-20 12:13:00,未能配合線上GM查緝作業，使用外掛(含自動練功、軟硬體加速、破解外掛、卡鍵…等),帳號永久停權
彩虹島物語,開放露八字,2022-12-20 12:00:29,未能配合線上GM查緝作業，使用外掛(含自動練功、軟硬體加速、破解外掛、卡鍵…等),帳號永久停權
彩虹島物語,幻影劍豪,2022-12-20 08:43:26,使用外掛或利用輔助程式進行遊戲(經官方人員查證屬實),帳號永久停權
彩虹島物語,量產型罐裝便當,2022-12-20 08:43:26,使用外掛或利用輔助程式進行遊戲(經官方人員查證屬實),帳號永久停權
彩虹島物語,的身高多少個,2022-12-20 08:33:29,未能配合線上GM查緝作業，使用外掛(含自動練功、軟硬體加速、破解外掛、卡鍵…等),帳號永久停權
彩虹島物語,米爾豪斯,2022-12-16 09:06:14,未能配合線上GM查緝作業，使用外掛(含自動練功、軟硬體加速、破解外掛、卡鍵…等),帳號永久停權
彩虹島物語,重慶小天鵝,2022-12-15 20:41:06,未能配合線上GM查緝作業，使用外掛(含自動練功、軟硬體加速、破解外掛、卡鍵…等),帳號永久凍結
彩虹島物語,融合教育廳,2022-12-15 20:40:54,未能配合線上GM查緝作業，使用外掛(含自動練功、軟硬體加速、破解外掛、卡鍵…等),帳號永久凍結
彩虹島物語,合格後付更廣泛的,2022-12-15 20:40:42,未能配合線上GM查緝作業，使用外掛(含自動練功、軟硬體加速、破解外掛、卡鍵…等),帳號永久凍結
彩虹島物語,發發反三違,2022-12-15 20:40:31,未能配合線上GM查緝作業，使用外掛(含自動練功、軟硬體加速、破解外掛、卡鍵…等),帳號永久凍結
彩虹島物語,指南針專用2,2022-12-15 20:40:10,未能配合線上GM查緝作業，使用外掛(含自動練功、軟硬體加速、破解外掛、卡鍵…等),帳號永久凍結
彩虹島物語,nulla,2022-12-15 20:39:48,未能配合線上GM查緝作業，使用外掛(含自動練功、軟硬體加速、破解外掛、卡鍵…等),帳號永久凍結
彩虹島物語,lOVexiaomimiTT,2022-12-15 20:30:17,未能配合線上GM查緝作業，使用外掛(含自動練功、軟硬體加速、破解外掛、卡鍵…等),帳號永久凍結
彩虹島物語,niuacgubrsaxc,2022-12-15 20:15:42,未能配合線上GM查緝作業，使用外掛(含自動練功、軟硬體加速、破解外掛、卡鍵…等),帳號永久凍結
彩虹島物語,q*******2,2022-12-13 22:21:09,資料異常,請洽客服人員
彩虹島物語,自強哥,2022-11-25 15:56:58,未能配合線上GM查緝作業，使用外掛(含自動練功、軟硬體加速、破解外掛、卡鍵…等),帳號永久停權
彩虹島物語,按時發送給花花,2022-11-21 16:48:50,未能配合線上GM查緝作業，使用外掛(含自動練功、軟硬體加速、破解外掛、卡鍵…等),帳號永久停權
彩虹島物語,sdkfy,2022-11-21 15:24:47,未能配合線上GM查緝作業，使用外掛(含自動練功、軟硬體加速、破解外掛、卡鍵…等),帳號永久停權
彩虹島物語,索菲亞聖域,2022-11-21 15:12:26,未能配合線上GM查緝作業，使用外掛(含自動練功、軟硬體加速、破解外掛、卡鍵…等),帳號永久停權
彩虹島物語,MLL,2022-11-18 14:03:31,未能配合線上GM查緝作業，使用外掛(含自動練功、軟硬體加速、破解外掛、卡鍵…等),帳號永久停權
彩虹島物語,zi***0o,2022-11-17 10:33:43,資料異常,請洽客服人員
彩虹島物語,xu******oo,2022-11-17 10:33:43,資料異常,請洽客服人員
彩虹島物語,ww*****06,2022-11-17 10:33:43,資料異常,請洽客服人員
彩虹島物語,ww*****05,2022-11-17 10:33:43,資料異常,請洽客服人員
彩虹島物語,tu******12,2022-11-17 10:33:43,資料異常,請洽客服人員
彩虹島物語,re*****01,2022-11-17 10:33:43,資料異常,請洽客服人員
彩虹島物語,qu****oo,2022-11-17 10:33:43,資料異常,請洽客服人員
彩虹島物語,po**77,2022-11-17 10:33:43,資料異常,請洽客服人員
彩虹島物語,lq*****10,2022-11-17 10:33:42,資料異常,請洽客服人員
彩虹島物語,du*****05,2022-11-17 10:33:42,資料異常,請洽客服人員
彩虹島物語,da***77,2022-11-17 10:33:42,資料異常,請洽客服人員
彩虹島物語,da****66,2022-11-17 10:33:42,資料異常,請洽客服人員
彩虹島物語,da****55,2022-11-17 10:33:42,資料異常,請洽客服人員
彩虹島物語,da****44,2022-11-17 10:33:42,資料異常,請洽客服人員
彩虹島物語,da****33,2022-11-17 10:33:42,資料異常,請洽客服人員
彩虹島物語,da****22,2022-11-17 10:33:42,資料異常,請洽客服人員
彩虹島物語,da****11,2022-11-17 10:33:42,資料異常,請洽客服人員
彩虹島物語,ba*******24,2022-11-17 10:33:42,資料異常,請洽客服人員
彩虹島物語,41*****41,2022-11-17 10:33:42,資料異常,請洽客服人員
彩虹島物語,右邊在手心,2022-11-16 20:34:03,未能配合線上GM查緝作業，使用外掛(含自動練功、軟硬體加速、破解外掛、卡鍵…等),帳號永久停權
彩虹島物語,FEA,2022-11-13 14:49:41,未能配合線上GM查緝作業，使用外掛(含自動練功、軟硬體加速、破解外掛、卡鍵…等),帳號永久停權
彩虹島物語,pik我的love是你,2022-11-13 14:39:40,未能配合線上GM查緝作業，使用外掛(含自動練功、軟硬體加速、破解外掛、卡鍵…等),帳號永久停權
彩虹島物語,ka***ao,2022-11-11 19:42:20,資料異常,請洽客服人員
彩虹島物語,ka***ao,2022-11-11 19:42:20,資料異常,請洽客服人員
彩虹島物語,ka***ao,2022-11-11 19:42:20,資料異常,請洽客服人員
彩虹島物語,yi****01,2022-11-11 19:42:18,資料異常,請洽客服人員
彩虹島物語,Canto,2022-11-07 20:40:13,未能配合線上GM查緝作業，使用外掛(含自動練功、軟硬體加速、破解外掛、卡鍵…等),帳號永久停權
彩虹島物語,chamou000001,2022-11-04 14:41:25,未能配合線上GM查緝作業，使用外掛(含自動練功、軟硬體加速、破解外掛、卡鍵…等),帳號永久停權
彩虹島物語,超級無敵宿,2022-11-02 09:28:51,未能配合線上GM查緝作業，使用外掛(含自動練功、軟硬體加速、破解外掛、卡鍵…等),帳號永久停權
彩虹島物語,快速通關,2022-11-02 08:34:36,未能配合線上GM查緝作業，使用外掛(含自動練功、軟硬體加速、破解外掛、卡鍵…等),帳號永久停權
彩虹島物語,懵懵懂懂哦,2022-10-31 22:42:30,未能配合線上GM查緝作業，使用外掛(含自動練功、軟硬體加速、破解外掛、卡鍵…等),帳號永久停權
彩虹島物語,天天在一起,2022-10-31 22:42:13,未能配合線上GM查緝作業，使用外掛(含自動練功、軟硬體加速、破解外掛、卡鍵…等),帳號永久停權
彩虹島物語,人造人17,2022-10-31 22:41:49,未能配合線上GM查緝作業，使用外掛(含自動練功、軟硬體加速、破解外掛、卡鍵…等),帳號永久停權
彩虹島物語,韓寶喲,2022-10-31 22:41:39,未能配合線上GM查緝作業，使用外掛(含自動練功、軟硬體加速、破解外掛、卡鍵…等),帳號永久停權
彩虹島物語,默認布偶,2022-10-31 13:48:04,未能配合線上GM查緝作業，使用外掛(含自動練功、軟硬體加速、破解外掛、卡鍵…等),帳號永久停權
彩虹島物語,魂滅,2022-10-31 10:21:13,未能配合線上GM查緝作業，使用外掛(含自動練功、軟硬體加速、破解外掛、卡鍵…等),帳號永久停權
彩虹島物語,成都第一紂王,2022-10-28 15:26:25,未能配合線上GM查緝作業，使用外掛(含自動練功、軟硬體加速、破解外掛、卡鍵…等),帳號永久停權
彩虹島物語,是否蘇,2022-10-26 13:39:41,未能配合線上GM查緝作業，使用外掛(含自動練功、軟硬體加速、破解外掛、卡鍵…等),帳號永久停權
彩虹島物語,素顏反應,2022-10-26 12:09:54,未能配合線上GM查緝作業，使用外掛(含自動練功、軟硬體加速、破解外掛、卡鍵…等),帳號永久停權
彩虹島物語,chaoji15,2022-10-26 10:17:42,未能配合線上GM查緝作業，使用外掛(含自動練功、軟硬體加速、破解外掛、卡鍵…等),帳號永久停權
彩虹島物語,飽飽飽,2022-10-26 09:22:52,未能配合線上GM查緝作業，使用外掛(含自動練功、軟硬體加速、破解外掛、卡鍵…等),帳號永久停權
彩虹島物語,清空,2022-10-25 10:58:59,未能配合線上GM查緝作業，使用外掛(含自動練功、軟硬體加速、破解外掛、卡鍵…等),帳號永久停權
彩虹島物語,法沙發沙發,2022-10-24 11:07:21,未能配合線上GM查緝作業，使用外掛(含自動練功、軟硬體加速、破解外掛、卡鍵…等),帳號永久停權
彩虹島物語,發順豐第三方,2022-10-24 08:31:51,未能配合線上GM查緝作業，使用外掛(含自動練功、軟硬體加速、破解外掛、卡鍵…等),帳號永久停權
彩虹島物語,昂貴的個人,2022-10-21 11:56:50,未能配合線上GM查緝作業，使用外掛(含自動練功、軟硬體加速、破解外掛、卡鍵…等),帳號永久停權
彩虹島物語,Morr1son,2022-10-21 09:01:53,未能配合線上GM查緝作業，使用外掛(含自動練功、軟硬體加速、破解外掛、卡鍵…等),帳號永久停權
彩虹島物語,法師法師然後他,2022-10-21 08:48:57,未能配合線上GM查緝作業，使用外掛(含自動練功、軟硬體加速、破解外掛、卡鍵…等),帳號永久停權
彩虹島物語,伯克波比,2022-10-21 08:27:21,未能配合線上GM查緝作業，使用外掛(含自動練功、軟硬體加速、破解外掛、卡鍵…等),帳號永久停權
彩虹島物語,123,2022-10-20 15:13:58,使用外掛或利用輔助程式進行遊戲(經官方人員查證屬實),帳號永久停權
彩虹島物語,超級大餅,2022-10-20 14:05:14,未能配合線上GM查緝作業，使用外掛(含自動練功、軟硬體加速、破解外掛、卡鍵…等),帳號永久停權
彩虹島物語,法法師薩達,2022-10-19 09:20:38,未能配合線上GM查緝作業，使用外掛(含自動練功、軟硬體加速、破解外掛、卡鍵…等),帳號永久停權
彩虹島物語,超級工具人123,2022-10-19 09:07:34,未能配合線上GM查緝作業，使用外掛(含自動練功、軟硬體加速、破解外掛、卡鍵…等),帳號永久停權
彩虹島物語,滴滴滴滴,2022-10-18 15:29:44,未能配合線上GM查緝作業，使用外掛(含自動練功、軟硬體加速、破解外掛、卡鍵…等,帳號永久停權
彩虹島物語,你說尼瑪呢,2022-10-18 12:07:54,未能配合線上GM查緝作業，使用外掛(含自動練功、軟硬體加速、破解外掛、卡鍵…等,帳號永久停權
彩虹島物語,ningbohys,2022-10-16 21:32:59,未能配合線上GM查緝作業，使用外掛(含自動練功、軟硬體加速、破解外掛、卡鍵…等,帳號永久停權
彩虹島物語,小小拆遷戶,2022-09-23 09:29:21,未能配合線上GM查緝作業，使用外掛(含自動練功、軟硬體加速、破解外掛、卡鍵…等),帳號永久停權
彩虹島物語,loserAB,2022-09-21 20:25:07,未能配合線上GM查緝作業，使用外掛(含自動練功、軟硬體加速、破解外掛、卡鍵…等),帳號永久停權
彩虹島物語,我又榜上有名了,2022-09-15 16:40:40,未能配合線上GM查緝作業，使用外掛(含自動練功、軟硬體加速、破解外掛、卡鍵…等),帳號永久停權
彩虹島物語,啊狗是凹仔,2022-09-15 16:28:50,未能配合線上GM查緝作業，使用外掛(含自動練功、軟硬體加速、破解外掛、卡鍵…等),帳號永久停權
彩虹島物語,loserN,2022-09-14 20:22:13,未能配合線上GM查緝作業，使用外掛(含自動練功、軟硬體加速、破解外掛、卡鍵…等),帳號永久停權
彩虹島物語,左手又H,2022-09-14 20:02:36,未能配合線上GM查緝作業，使用外掛(含自動練功、軟硬體加速、破解外掛、卡鍵…等),帳號永久停權
彩虹島物語,71CLrBbH,2022-09-14 14:50:47,於遊戲中未能配合線上GM查緝作業，使用外掛(含自動練功、軟硬體加速、破解外掛、卡鍵…等),帳號永久停權
彩虹島物語,loserM,2022-09-13 14:55:40,於遊戲中未能配合線上GM查緝作業，使用外掛(含自動練功、軟硬體加速、破解外掛、卡鍵…等),帳號永久停權
彩虹島物語,KNtUI5P2,2022-09-13 14:53:03,於遊戲中未能配合線上GM查緝作業，使用外掛(含自動練功、軟硬體加速、破解外掛、卡鍵…等),帳號永久停權
彩虹島物語,烏拉拉哈哈,2022-09-12 15:55:39,於遊戲中未能配合線上GM查緝作業，使用外掛(含自動練功、軟硬體加速、破解外掛、卡鍵…等),帳號永久停權
彩虹島物語,ZGEdlVcq,2022-09-11 14:21:14,於遊戲中未能配合線上GM查緝作業，使用外掛(含自動練功、軟硬體加速、破解外掛、卡鍵…等),帳號永久停權
彩虹島物語,大大西瓜,2022-09-11 14:16:09,於遊戲中未能配合線上GM查緝作業，使用外掛(含自動練功、軟硬體加速、破解外掛、卡鍵…等),帳號永久停權
彩虹島物語,diaoyuzhishen1,2022-09-10 21:58:25,未能配合線上GM查緝作業，使用外掛(含自動練功、軟硬體加速、破解外掛、卡鍵…等),帳號永久停權
彩虹島物語,Jucy,2022-09-09 22:08:37,於遊戲中未能配合線上GM查緝作業，使用外掛(含自動練功、軟硬體加速、破解外掛、卡鍵…等),帳號永久停權
彩虹島物語,KST吤華,2022-09-08 09:28:30,於遊戲中未能配合線上GM查緝作業，使用外掛(含自動練功、軟硬體加速、破解外掛、卡鍵…等),帳號永久停權
彩虹島物語,ww*14,2022-08-16 16:02:18,資料異常,請洽客服人員
彩虹島物語,ww*16,2022-08-16 16:02:18,資料異常,請洽客服人員
彩虹島物語,ww*15,2022-08-16 16:02:18,資料異常,請洽客服人員
彩虹島物語,ww*12,2022-08-16 16:02:18,資料異常,請洽客服人員
彩虹島物語,ww*11,2022-08-16 16:02:18,資料異常,請洽客服人員
彩虹島物語,ww*10,2022-08-16 16:02:18,資料異常,請洽客服人員
彩虹島物語,ww*09,2022-08-16 16:02:18,資料異常,請洽客服人員
彩虹島物語,ww*08,2022-08-16 16:02:18,資料異常,請洽客服人員
彩虹島物語,ww*07,2022-08-16 16:02:18,資料異常,請洽客服人員
彩虹島物語,ww*06,2022-08-16 16:02:18,資料異常,請洽客服人員
彩虹島物語,ww*05,2022-08-16 16:02:18,資料異常,請洽客服人員
彩虹島物語,zz*01,2022-08-16 16:02:18,資料異常,請洽客服人員
彩虹島物語,zz*03,2022-08-16 16:02:18,資料異常,請洽客服人員
彩虹島物語,zz*04,2022-08-16 16:02:18,資料異常,請洽客服人員
彩虹島物語,zz*02,2022-08-16 16:02:18,資料異常,請洽客服人員
彩虹島物語,愛的速遞,2022-06-13 17:43:43,未能配合線上GM查緝作業，使用外掛(含自動練功、軟硬體加速、破解外掛、卡鍵…等),帳號永久停權
彩虹島物語,sy****23,2022-06-13 17:33:52,資料異常,請洽客服人員
彩虹島物語,76*****48,2022-06-13 17:33:51,資料異常,請洽客服人員
彩虹島物語,tl**20,2022-06-13 17:33:51,資料異常,請洽客服人員
彩虹島物語,wl*******37,2022-06-13 17:33:51,資料異常,請洽客服人員
彩虹島物語,ji***20,2022-06-13 17:33:51,資料異常,請洽客服人員
彩虹島物語,vf**96,2022-06-13 17:33:51,資料異常,請洽客服人員
彩虹島物語,jr**40,2022-06-13 17:33:51,資料異常,請洽客服人員
彩虹島物語,df**50,2022-06-13 17:33:51,資料異常,請洽客服人員
彩虹島物語,hh**40,2022-06-13 17:33:51,資料異常,請洽客服人員
彩虹島物語,vp**47,2022-06-13 17:33:51,資料異常,請洽客服人員
彩虹島物語,ya*********90,2022-06-13 17:33:51,資料異常,請洽客服人員
彩虹島物語,wg**hm,2022-06-13 17:33:51,資料異常,請洽客服人員
彩虹島物語,qf*02,2022-06-13 17:33:51,資料異常,請洽客服人員
彩虹島物語,wg**cx,2022-06-13 17:33:51,資料異常,請洽客服人員
彩虹島物語,ra*66,2022-06-13 17:33:51,資料異常,請洽客服人員
彩虹島物語,nq**40,2022-06-13 17:33:51,資料異常,請洽客服人員
彩虹島物語,rj**nr,2022-06-13 17:33:51,資料異常,請洽客服人員
彩虹島物語,ey**21,2022-06-13 17:33:51,資料異常,請洽客服人員
彩虹島物語,cww6,2022-06-13 17:33:51,資料異常,請洽客服人員
彩虹島物語,cww3,2022-06-13 17:33:51,資料異常,請洽客服人員
彩虹島物語,cww2,2022-06-13 17:33:51,資料異常,請洽客服人員
彩虹島物語,cww4,2022-06-13 17:33:51,資料異常,請洽客服人員
彩虹島物語,cww5,2022-06-13 17:33:51,資料異常,請洽客服人員
彩虹島物語,cww1,2022-06-13 17:33:51,資料異常,請洽客服人員
彩虹島物語,ym**30,2022-06-13 17:33:51,資料異常,請洽客服人員
彩虹島物語,jq**21,2022-06-13 17:33:51,資料異常,請洽客服人員
彩虹島物語,lu**87,2022-06-13 17:33:51,資料異常,請洽客服人員
彩虹島物語,vq**01,2022-06-13 17:33:51,資料異常,請洽客服人員
彩虹島物語,qc**43,2022-06-13 17:33:51,資料異常,請洽客服人員
彩虹島物語,ra*pe,2022-06-13 17:33:48,資料異常,請洽客服人員
彩虹島物語,zo*do,2022-06-13 17:33:48,資料異常,請洽客服人員
彩虹島物語,be*ne,2022-06-13 17:33:48,資料異常,請洽客服人員
彩虹島物語,my*ip,2022-06-13 17:33:48,資料異常,請洽客服人員
彩虹島物語,dy*mu,2022-06-13 17:33:48,資料異常,請洽客服人員
彩虹島物語,li*mr,2022-06-13 17:33:48,資料異常,請洽客服人員
彩虹島物語,ac*94,2022-06-13 17:33:48,資料異常,請洽客服人員
彩虹島物語,mw*41,2022-06-13 17:33:48,資料異常,請洽客服人員
彩虹島物語,zq**10,2022-06-13 17:33:48,資料異常,請洽客服人員
彩虹島物語,xf**09,2022-06-13 17:33:48,資料異常,請洽客服人員
彩虹島物語,kd**90,2022-06-13 17:33:48,資料異常,請洽客服人員
彩虹島物語,fp**41,2022-06-13 17:33:48,資料異常,請洽客服人員
彩虹島物語,wm**46,2022-06-13 17:33:48,資料異常,請洽客服人員
彩虹島物語,lc****62,2022-06-13 17:33:48,資料異常,請洽客服人員
彩虹島物語,el********27,2022-06-13 17:33:48,資料異常,請洽客服人員
彩虹島物語,Zerotwo,2022-03-28 17:56:12,資料異常,請洽客服人員
彩虹島物語,白衣沽酒,2022-03-28 17:56:12,資料異常,請洽客服人員
彩虹島物語,咪莉2號,2022-03-28 17:56:12,資料異常,請洽客服人員
彩虹島物語,阿心的奧比兔,2022-03-28 17:56:12,資料異常,請洽客服人員
彩虹島物語,肖恩k,2022-03-28 17:56:12,資料異常,請洽客服人員
彩虹島物語,馬嘰嘰,2022-03-28 17:56:12,資料異常,請洽客服人員
彩虹島物語,啻o,2022-03-21 15:33:26,未能配合線上GM查緝作業，使用外掛(含自動練功、軟硬體加速、破解外掛、卡鍵…等),帳號永久停權
彩虹島物語,大陸歌手,2022-03-21 15:33:04,未能配合線上GM查緝作業，使用外掛(含自動練功、軟硬體加速、破解外掛、卡鍵…等),帳號永久停權
彩虹島物語,死霸隊長,2022-03-21 15:32:33,未能配合線上GM查緝作業，使用外掛(含自動練功、軟硬體加速、破解外掛、卡鍵…等),帳號永久停權
彩虹島物語,MS闇,2022-03-21 15:32:10,未能配合線上GM查緝作業，使用外掛(含自動練功、軟硬體加速、破解外掛、卡鍵…等),帳號永久停權
彩虹島物語,雪千尋,2022-03-21 15:31:39,未能配合線上GM查緝作業，使用外掛(含自動練功、軟硬體加速、破解外掛、卡鍵…等),帳號永久停權
彩虹島物語,夢如雲,2022-03-21 15:31:13,未能配合線上GM查緝作業，使用外掛(含自動練功、軟硬體加速、破解外掛、卡鍵…等),帳號永久停權
彩虹島物語,寵物抽起來,2022-03-16 22:10:43,未能配合線上GM查緝作業，使用外掛(含自動練功、軟硬體加速、破解外掛、卡鍵…等),帳號永久停權
彩虹島物語,僧人asd,2022-03-14 21:57:42,未能配合線上GM查緝作業，使用外掛(含自動練功、軟硬體加速、破解外掛、卡鍵…等),帳號永久停權
彩虹島物語,冬瓜青,2022-01-22 21:55:34,有影射現實生活的金錢做買賣情況(經官方人員查證屬實),警告乙次
彩虹島物語,tece,2022-01-19 17:18:57,未能配合線上GM查緝作業，使用外掛(含自動練功、軟硬體加速、破解外掛、卡鍵…等),帳號永久停權
彩虹島物語,可可蘿艾,2022-01-19 17:18:46,未能配合線上GM查緝作業，使用外掛(含自動練功、軟硬體加速、破解外掛、卡鍵…等),帳號永久停權
彩虹島物語,狗狗幣,2022-01-19 16:26:17,未能配合線上GM查緝作業，使用外掛(含自動練功、軟硬體加速、破解外掛、卡鍵…等),帳號永久停權
彩虹島物語,daxiami,2022-01-12 15:53:03,未能配合線上GM查緝作業，使用外掛(含自動練功、軟硬體加速、破解外掛、卡鍵…等),帳號永久停權
彩虹島物語,還是沉默,2022-01-12 15:48:22,未能配合線上GM查緝作業，使用外掛(含自動練功、軟硬體加速、破解外掛、卡鍵…等),帳號永久停權
彩虹島物語,海膽火鍋,2022-01-12 15:45:13,未能配合線上GM查緝作業，使用外掛(含自動練功、軟硬體加速、破解外掛、卡鍵…等),帳號永久停權
彩虹島物語,那年秋天,2022-01-12 15:38:30,未能配合線上GM查緝作業，使用外掛(含自動練功、軟硬體加速、破解外掛、卡鍵…等),帳號永久停權
彩虹島物語,盲人按摩,2022-01-11 20:01:40,未能配合線上GM查緝作業，使用外掛(含自動練功、軟硬體加速、破解外掛、卡鍵…等),帳號永久停權
彩虹島物語,Tony帶水,2022-01-06 17:34:21,有影射現實生活的金錢做買賣情況(經官方人員查證屬實),警告乙次
彩虹島物語,天才小釣手1,2021-12-09 21:23:43,未能配合線上GM查緝作業，使用外掛(含自動練功、軟硬體加速、破解外掛、卡鍵…等),帳號永久停權
彩虹島物語,天才小釣手3,2021-12-09 21:23:24,未能配合線上GM查緝作業，使用外掛(含自動練功、軟硬體加速、破解外掛、卡鍵…等),帳號永久停權
彩虹島物語,踢寶打寶抓寶,2021-12-09 21:23:10,未能配合線上GM查緝作業，使用外掛(含自動練功、軟硬體加速、破解外掛、卡鍵…等),帳號永久停權
彩虹島物語,天才小釣手2,2021-12-09 21:22:51,未能配合線上GM查緝作業，使用外掛(含自動練功、軟硬體加速、破解外掛、卡鍵…等),帳號永久停權
彩虹島物語,獨孤一劍,2021-12-02 12:03:19,有影射現實生活的金錢做買賣情況(經官方人員查證屬實),警告乙次
彩虹島物語,埋堆堆,2021-11-30 21:56:40,有影射現實生活的金錢做買賣情況(經官方人員查證屬實),警告乙次
彩虹島物語,zz*****89,2021-11-01 17:26:47,資料異常,請洽客服人員
彩虹島物語,zz*****88,2021-11-01 17:26:47,資料異常,請洽客服人員
彩虹島物語,zz*****87,2021-11-01 17:26:47,資料異常,請洽客服人員
彩虹島物語,zz*****86,2021-11-01 17:26:47,資料異常,請洽客服人員
彩虹島物語,zz*****85,2021-11-01 17:26:47,資料異常,請洽客服人員
彩虹島物語,zz*****84,2021-11-01 17:26:47,資料異常,請洽客服人員
彩虹島物語,zz*****83,2021-11-01 17:26:47,資料異常,請洽客服人員
彩虹島物語,zz*****82,2021-11-01 17:26:47,資料異常,請洽客服人員
彩虹島物語,zz*****81,2021-11-01 17:26:47,資料異常,請洽客服人員
彩虹島物語,zz*****80,2021-11-01 17:26:47,資料異常,請洽客服人員
彩虹島物語,zz*****79,2021-11-01 17:26:47,資料異常,請洽客服人員
彩虹島物語,zz*****78,2021-11-01 17:26:47,資料異常,請洽客服人員
彩虹島物語,zz*****77,2021-11-01 17:26:47,資料異常,請洽客服人員
彩虹島物語,zz*****76,2021-11-01 17:26:47,資料異常,請洽客服人員
彩虹島物語,zz*****75,2021-11-01 17:26:46,資料異常,請洽客服人員
彩虹島物語,tp*****29,2021-11-01 17:26:40,資料異常,請洽客服人員
彩虹島物語,tp*****28,2021-11-01 17:26:40,資料異常,請洽客服人員
彩虹島物語,tp*****08,2021-11-01 17:26:40,資料異常,請洽客服人員
彩虹島物語,tp*****07,2021-11-01 17:26:40,資料異常,請洽客服人員
彩虹島物語,tp*****06,2021-11-01 17:26:40,資料異常,請洽客服人員
彩虹島物語,tp*****05,2021-11-01 17:26:40,資料異常,請洽客服人員
彩虹島物語,tp*****04,2021-11-01 17:26:40,資料異常,請洽客服人員
彩虹島物語,so**96,2021-11-01 17:26:40,資料異常,請洽客服人員
彩虹島物語,so**95,2021-11-01 17:26:40,資料異常,請洽客服人員
彩虹島物語,so**94,2021-11-01 17:26:40,資料異常,請洽客服人員
彩虹島物語,so**93,2021-11-01 17:26:40,資料異常,請洽客服人員
彩虹島物語,so**92,2021-11-01 17:26:40,資料異常,請洽客服人員
彩虹島物語,so**91,2021-11-01 17:26:40,資料異常,請洽客服人員
彩虹島物語,so**90,2021-11-01 17:26:40,資料異常,請洽客服人員
彩虹島物語,so**89,2021-11-01 17:26:40,資料異常,請洽客服人員
彩虹島物語,so**88,2021-11-01 17:26:40,資料異常,請洽客服人員
彩虹島物語,so**87,2021-11-01 17:26:40,資料異常,請洽客服人員
彩虹島物語,so**86,2021-11-01 17:26:40,資料異常,請洽客服人員
彩虹島物語,so**85,2021-11-01 17:26:40,資料異常,請洽客服人員
彩虹島物語,so**84,2021-11-01 17:26:39,資料異常,請洽客服人員
彩虹島物語,so**83,2021-11-01 17:26:39,資料異常,請洽客服人員
彩虹島物語,so**82,2021-11-01 17:26:39,資料異常,請洽客服人員
彩虹島物語,so**81,2021-11-01 17:26:39,資料異常,請洽客服人員
彩虹島物語,so**80,2021-11-01 17:26:39,資料異常,請洽客服人員
彩虹島物語,so**79,2021-11-01 17:26:39,資料異常,請洽客服人員
彩虹島物語,so**78,2021-11-01 17:26:39,資料異常,請洽客服人員
彩虹島物語,so**77,2021-11-01 17:26:39,資料異常,請洽客服人員
彩虹島物語,so**76,2021-11-01 17:26:39,資料異常,請洽客服人員
彩虹島物語,so**75,2021-11-01 17:26:39,資料異常,請洽客服人員
彩虹島物語,so**74,2021-11-01 17:26:39,資料異常,請洽客服人員
彩虹島物語,so**58,2021-11-01 17:26:39,資料異常,請洽客服人員
彩虹島物語,so**57,2021-11-01 17:26:39,資料異常,請洽客服人員
彩虹島物語,so**56,2021-11-01 17:26:39,資料異常,請洽客服人員
彩虹島物語,so**55,2021-11-01 17:26:39,資料異常,請洽客服人員
彩虹島物語,so**54,2021-11-01 17:26:39,資料異常,請洽客服人員
彩虹島物語,so**53,2021-11-01 17:26:39,資料異常,請洽客服人員
彩虹島物語,so**52,2021-11-01 17:26:39,資料異常,請洽客服人員
彩虹島物語,so**51,2021-11-01 17:26:39,資料異常,請洽客服人員
彩虹島物語,so**50,2021-11-01 17:26:39,資料異常,請洽客服人員
彩虹島物語,so**49,2021-11-01 17:26:39,資料異常,請洽客服人員
彩虹島物語,so**48,2021-11-01 17:26:39,資料異常,請洽客服人員
彩虹島物語,so**47,2021-11-01 17:26:39,資料異常,請洽客服人員
彩虹島物語,so**46,2021-11-01 17:26:39,資料異常,請洽客服人員
彩虹島物語,so**45,2021-11-01 17:26:39,資料異常,請洽客服人員
彩虹島物語,so**44,2021-11-01 17:26:39,資料異常,請洽客服人員
彩虹島物語,sa****o9,2021-08-04 16:50:02,資料異常,請洽客服人員
彩虹島物語,sa****o8,2021-08-04 16:50:02,資料異常,請洽客服人員
彩虹島物語,sa****o7,2021-08-04 16:50:02,資料異常,請洽客服人員
彩虹島物語,sa****o6,2021-08-04 16:50:02,資料異常,請洽客服人員
彩虹島物語,sa****o5,2021-08-04 16:50:02,資料異常,請洽客服人員
彩虹島物語,sa****o4,2021-08-04 16:50:02,資料異常,請洽客服人員
彩虹島物語,sa****o3,2021-08-04 16:50:02,資料異常,請洽客服人員
彩虹島物語,sa****o2,2021-08-04 16:50:02,資料異常,請洽客服人員
彩虹島物語,sa****o1,2021-08-04 16:50:02,資料異常,請洽客服人員
彩虹島物語,ji******g9,2021-08-04 16:50:02,資料異常,請洽客服人員
彩虹島物語,ji******g8,2021-08-04 16:50:02,資料異常,請洽客服人員
彩虹島物語,ji******g7,2021-08-04 16:50:02,資料異常,請洽客服人員
彩虹島物語,ji******g6,2021-08-04 16:50:01,資料異常,請洽客服人員
彩虹島物語,ji******g5,2021-08-04 16:50:01,資料異常,請洽客服人員
彩虹島物語,ji*******47,2021-08-04 16:50:01,資料異常,請洽客服人員
彩虹島物語,ji*******46,2021-08-04 16:50:01,資料異常,請洽客服人員
彩虹島物語,ji*******45,2021-08-04 16:50:01,資料異常,請洽客服人員
彩虹島物語,ji*******44,2021-08-04 16:50:01,資料異常,請洽客服人員
彩虹島物語,ji*******43,2021-08-04 16:50:01,資料異常,請洽客服人員
彩虹島物語,ji*******41,2021-08-04 16:50:01,資料異常,請洽客服人員
彩虹島物語,ji*******40,2021-08-04 16:50:01,資料異常,請洽客服人員
彩虹島物語,ji******g4,2021-08-04 16:50:01,資料異常,請洽客服人員
彩虹島物語,ji*******39,2021-08-04 16:50:01,資料異常,請洽客服人員
彩虹島物語,ji*******38,2021-08-04 16:50:01,資料異常,請洽客服人員
彩虹島物語,ji*******37,2021-08-04 16:50:01,資料異常,請洽客服人員
彩虹島物語,ji*******36,2021-08-04 16:50:01,資料異常,請洽客服人員
彩虹島物語,ji*******35,2021-08-04 16:50:01,資料異常,請洽客服人員
彩虹島物語,ji*******34,2021-08-04 16:50:01,資料異常,請洽客服人員
彩虹島物語,ji*******33,2021-08-04 16:50:01,資料異常,請洽客服人員
彩虹島物語,ji*******32,2021-08-04 16:50:01,資料異常,請洽客服人員
彩虹島物語,ty******ld,2021-07-28 11:10:31,資料異常,請洽客服人員
彩虹島物語,ty******wd,2021-07-28 11:10:31,資料異常,請洽客服人員
彩虹島物語,ty******wd,2021-07-28 11:10:31,資料異常,請洽客服人員
彩虹島物語,ty******wd,2021-07-28 11:10:31,資料異常,請洽客服人員
彩虹島物語,ty********xd,2021-07-28 11:10:31,資料異常,請洽客服人員
彩虹島物語,ty******wd,2021-07-28 11:10:31,資料異常,請洽客服人員
彩虹島物語,ty******wd,2021-07-28 11:10:31,資料異常,請洽客服人員
彩虹島物語,ty******wd,2021-07-28 11:10:31,資料異常,請洽客服人員
彩虹島物語,ty*******wd,2021-07-28 11:10:31,資料異常,請洽客服人員
彩虹島物語,ty******wd,2021-07-28 11:10:31,資料異常,請洽客服人員
彩虹島物語,ty******wd,2021-07-28 11:10:31,資料異常,請洽客服人員
彩虹島物語,ty*******wd,2021-07-28 11:10:31,資料異常,請洽客服人員
彩虹島物語,ty******wd,2021-07-28 11:10:30,資料異常,請洽客服人員
彩虹島物語,ty*******dd,2021-07-28 11:10:30,資料異常,請洽客服人員
彩虹島物語,ty*******dd,2021-07-28 11:10:30,資料異常,請洽客服人員
彩虹島物語,ym********87,2021-07-28 11:10:26,資料異常,請洽客服人員
彩虹島物語,ym********98,2021-07-28 11:10:26,資料異常,請洽客服人員
彩虹島物語,ym********19,2021-07-28 11:10:26,資料異常,請洽客服人員
彩虹島物語,ym********21,2021-07-28 11:10:26,資料異常,請洽客服人員
彩虹島物語,ym********78,2021-07-28 11:10:26,資料異常,請洽客服人員
彩虹島物語,ym********67,2021-07-28 11:10:26,資料異常,請洽客服人員
彩虹島物語,ym********56,2021-07-28 11:10:26,資料異常,請洽客服人員
彩虹島物語,ym********45,2021-07-28 11:10:26,資料異常,請洽客服人員
彩虹島物語,ym********34,2021-07-28 11:10:26,資料異常,請洽客服人員
彩虹島物語,ym********23,2021-07-28 11:10:26,資料異常,請洽客服人員
彩虹島物語,ym********12,2021-07-28 11:10:26,資料異常,請洽客服人員
彩虹島物語,ym********91,2021-07-28 11:10:26,資料異常,請洽客服人員
彩虹島物語,ym********89,2021-07-28 11:10:26,資料異常,請洽客服人員
彩虹島物語,sa*pa,2021-07-28 11:10:26,資料異常,請洽客服人員
彩虹島物語,mo*li,2021-07-28 11:10:26,資料異常,請洽客服人員
彩虹島物語,ho*as,2021-07-28 11:10:25,資料異常,請洽客服人員
彩虹島物語,ms*og,2021-07-28 11:10:25,資料異常,請洽客服人員
彩虹島物語,se*78,2021-07-28 11:10:25,資料異常,請洽客服人員
彩虹島物語,ai*us,2021-07-28 11:10:25,資料異常,請洽客服人員
彩虹島物語,fa*mu,2021-07-28 11:10:25,資料異常,請洽客服人員
彩虹島物語,pe*ki,2021-07-28 11:10:25,資料異常,請洽客服人員
彩虹島物語,ha*as,2021-07-28 11:10:25,資料異常,請洽客服人員
彩虹島物語,da***an,2021-07-28 11:10:25,資料異常,請洽客服人員
彩虹島物語,al*oi,2021-07-28 11:10:25,資料異常,請洽客服人員
彩虹島物語,am*op,2021-07-28 11:10:25,資料異常,請洽客服人員
彩虹島物語,fi*sa,2021-07-28 11:10:25,資料異常,請洽客服人員
彩虹島物語,mu*wo,2021-07-28 11:10:25,資料異常,請洽客服人員
彩虹島物語,bi*pa,2021-07-28 11:10:25,資料異常,請洽客服人員
彩虹島物語,pi**in,2021-07-28 11:10:25,資料異常,請洽客服人員
彩虹島物語,ic**ap,2021-07-28 11:10:25,資料異常,請洽客服人員
彩虹島物語,fa***uo,2021-07-28 11:10:25,資料異常,請洽客服人員
彩虹島物語,qi***ou,2021-07-28 11:10:25,資料異常,請洽客服人員
彩虹島物語,xi****ng,2021-07-28 11:10:25,資料異常,請洽客服人員
彩虹島物語,ti**fu,2021-07-28 11:10:25,資料異常,請洽客服人員
彩虹島物語,t**o,2021-07-28 11:10:25,資料異常,請洽客服人員
彩虹島物語,hu****ng,2021-07-28 11:10:25,資料異常,請洽客服人員
彩虹島物語,gu*mo,2021-07-28 11:10:25,資料異常,請洽客服人員
彩虹島物語,sh****ng,2021-07-28 11:10:25,資料異常,請洽客服人員
彩虹島物語,zh*****un,2021-07-28 11:10:25,資料異常,請洽客服人員
彩虹島物語,li**ui,2021-07-28 11:10:25,資料異常,請洽客服人員
彩虹島物語,li******1a,2021-07-28 11:10:25,資料異常,請洽客服人員
彩虹島物語,ba*****zi,2021-07-28 11:10:25,資料異常,請洽客服人員
彩虹島物語,na*****1q,2021-07-28 11:10:24,資料異常,請洽客服人員
彩虹島物語,qu***1a,2021-07-28 11:10:24,資料異常,請洽客服人員
彩虹島物語,zo***1q,2021-07-28 11:10:24,資料異常,請洽客服人員
彩虹島物語,oo****54,2021-07-28 11:10:19,資料異常,請洽客服人員
彩虹島物語,bb***66,2021-07-28 11:10:19,資料異常,請洽客服人員
彩虹島物語,aa****21,2021-07-28 11:10:19,資料異常,請洽客服人員
彩虹島物語,bb****31,2021-07-28 11:10:19,資料異常,請洽客服人員
彩虹島物語,pl*****36,2021-07-28 11:10:19,資料異常,請洽客服人員
彩虹島物語,dd******03,2021-07-28 11:10:19,資料異常,請洽客服人員
彩虹島物語,tt*****02,2021-07-28 11:10:19,資料異常,請洽客服人員
彩虹島物語,mm****47,2021-07-28 11:10:19,資料異常,請洽客服人員
彩虹島物語,ff***68,2021-07-28 11:10:19,資料異常,請洽客服人員
彩虹島物語,oo*****21,2021-07-28 11:10:19,資料異常,請洽客服人員
彩虹島物語,yy****69,2021-07-28 11:10:19,資料異常,請洽客服人員
彩虹島物語,vv****99,2021-07-28 11:10:19,資料異常,請洽客服人員
彩虹島物語,sb***58,2021-07-28 11:10:19,資料異常,請洽客服人員
彩虹島物語,ss***92,2021-07-28 11:10:18,資料異常,請洽客服人員
彩虹島物語,uu****93,2021-07-28 11:10:18,資料異常,請洽客服人員
彩虹島物語,xc***87,2021-07-28 11:10:18,資料異常,請洽客服人員
彩虹島物語,ff****49,2021-07-28 11:10:18,資料異常,請洽客服人員
彩虹島物語,yy****53,2021-07-28 11:10:18,資料異常,請洽客服人員
彩虹島物語,tt***65,2021-07-28 11:10:18,資料異常,請洽客服人員
彩虹島物語,oo***47,2021-07-28 11:10:18,資料異常,請洽客服人員
彩虹島物語,ee***62,2021-07-28 11:10:18,資料異常,請洽客服人員
彩虹島物語,kk***75,2021-07-28 11:10:18,資料異常,請洽客服人員
彩虹島物語,zz***46,2021-07-28 11:10:18,資料異常,請洽客服人員
彩虹島物語,oo***57,2021-07-28 11:10:18,資料異常,請洽客服人員
彩虹島物語,cc***52,2021-07-28 11:10:18,資料異常,請洽客服人員
彩虹島物語,bb***63,2021-07-28 11:10:18,資料異常,請洽客服人員
彩虹島物語,ss***23,2021-07-28 11:10:18,資料異常,請洽客服人員
彩虹島物語,xx***89,2021-07-28 11:10:18,資料異常,請洽客服人員
彩虹島物語,go**56,2021-07-28 11:10:18,資料異常,請洽客服人員
彩虹島物語,go*****88,2021-07-28 11:10:18,資料異常,請洽客服人員
彩虹島物語,xl*****04,2021-07-28 11:10:18,資料異常,請洽客服人員
彩虹島物語,fh***05,2021-07-28 11:10:17,資料異常,請洽客服人員
彩虹島物語,fh***04,2021-07-28 11:10:17,資料異常,請洽客服人員
彩虹島物語,xl*****02,2021-07-28 11:10:17,資料異常,請洽客服人員
彩虹島物語,fh***03,2021-07-28 11:10:17,資料異常,請洽客服人員
彩虹島物語,fh***02,2021-07-28 11:10:17,資料異常,請洽客服人員
彩虹島物語,fh***01,2021-07-28 11:10:17,資料異常,請洽客服人員
彩虹島物語,xl*****01,2021-07-28 11:10:17,資料異常,請洽客服人員
彩虹島物語,zz*****11,2021-07-28 11:10:17,資料異常,請洽客服人員
彩虹島物語,zz*****10,2021-07-28 11:10:17,資料異常,請洽客服人員
彩虹島物語,zz*****09,2021-07-28 11:10:17,資料異常,請洽客服人員
彩虹島物語,zz*****08,2021-07-28 11:10:17,資料異常,請洽客服人員
彩虹島物語,zz*****07,2021-07-28 11:10:17,資料異常,請洽客服人員
彩虹島物語,zz*****06,2021-07-28 11:10:17,資料異常,請洽客服人員
彩虹島物語,zz*****05,2021-07-28 11:10:17,資料異常,請洽客服人員
彩虹島物語,el*****9h,2021-07-28 11:10:16,資料異常,請洽客服人員
彩虹島物語,el*******6e,2021-07-28 11:10:16,資料異常,請洽客服人員
彩虹島物語,el*******5e,2021-07-28 11:10:16,資料異常,請洽客服人員
彩虹島物語,el*******5f,2021-07-28 11:10:16,資料異常,請洽客服人員
彩虹島物語,el*******78,2021-07-28 11:10:16,資料異常,請洽客服人員
彩虹島物語,el******67,2021-07-28 11:10:16,資料異常,請洽客服人員
彩虹島物語,el*****56,2021-07-28 11:10:16,資料異常,請洽客服人員
彩虹島物語,el****45,2021-07-28 11:10:16,資料異常,請洽客服人員
彩虹島物語,el***34,2021-07-28 11:10:16,資料異常,請洽客服人員
彩虹島物語,el**23,2021-07-28 11:10:16,資料異常,請洽客服人員
彩虹島物語,el*12,2021-07-28 11:10:16,資料異常,請洽客服人員
彩虹島物語,el*******4f,2021-07-28 11:10:16,資料異常,請洽客服人員
彩虹島物語,el*******4e,2021-07-28 11:10:16,資料異常,請洽客服人員
彩虹島物語,el*******3e,2021-07-28 11:10:16,資料異常,請洽客服人員
彩虹島物語,el*****8h,2021-07-28 11:10:16,資料異常,請洽客服人員
彩虹島物語,el*******3f,2021-07-28 11:10:16,資料異常,請洽客服人員
彩虹島物語,el*****7h,2021-07-28 11:10:16,資料異常,請洽客服人員
彩虹島物語,el*****6h,2021-07-28 11:10:16,資料異常,請洽客服人員
彩虹島物語,el*****6g,2021-07-28 11:10:16,資料異常,請洽客服人員
彩虹島物語,el*****5h,2021-07-28 11:10:15,資料異常,請洽客服人員
彩虹島物語,el*****5g,2021-07-28 11:10:15,資料異常,請洽客服人員
彩虹島物語,el*****4h,2021-07-28 11:10:15,資料異常,請洽客服人員
彩虹島物語,el*****4g,2021-07-28 11:10:15,資料異常,請洽客服人員
彩虹島物語,el*****3h,2021-07-28 11:10:15,資料異常,請洽客服人員
彩虹島物語,el*******2e,2021-07-28 11:10:15,資料異常,請洽客服人員
彩虹島物語,el*******2f,2021-07-28 11:10:15,資料異常,請洽客服人員
彩虹島物語,el*****3g,2021-07-28 11:10:15,資料異常,請洽客服人員
彩虹島物語,el*****2g,2021-07-28 11:10:15,資料異常,請洽客服人員
彩虹島物語,el*****1g,2021-07-28 11:10:15,資料異常,請洽客服人員
彩虹島物語,el*******1e,2021-07-28 11:10:15,資料異常,請洽客服人員
彩虹島物語,el*******1f,2021-07-28 11:10:15,資料異常,請洽客服人員
彩虹島物語,el******8f,2021-07-28 11:10:15,資料異常,請洽客服人員
彩虹島物語,el******7f,2021-07-28 11:10:15,資料異常,請洽客服人員
彩虹島物語,el******4e,2021-07-28 11:10:15,資料異常,請洽客服人員
彩虹島物語,el******3e,2021-07-28 11:10:15,資料異常,請洽客服人員
彩虹島物語,el******2e,2021-07-28 11:10:15,資料異常,請洽客服人員
彩虹島物語,el******1f,2021-07-28 11:10:15,資料異常,請洽客服人員
彩虹島物語,el******1e,2021-07-28 11:10:15,資料異常,請洽客服人員
彩虹島物語,el*****9g,2021-07-28 11:10:15,資料異常,請洽客服人員
彩虹島物語,el******2h,2021-07-28 11:10:15,資料異常,請洽客服人員
彩虹島物語,el******1h,2021-07-28 11:10:15,資料異常,請洽客服人員
彩虹島物語,el*****0h,2021-07-28 11:10:15,資料異常,請洽客服人員
彩虹島物語,el*****8g,2021-07-28 11:10:15,資料異常,請洽客服人員
彩虹島物語,el*****7g,2021-07-28 11:10:15,資料異常,請洽客服人員
彩虹島物語,el*****2h,2021-07-28 11:10:15,資料異常,請洽客服人員
彩虹島物語,ug*******41,2021-07-17 09:38:54,資料異常,請洽客服人員
彩虹島物語,ur*******41,2021-07-17 09:38:54,資料異常,請洽客服人員
彩虹島物語,up*******41,2021-07-17 09:38:54,資料異常,請洽客服人員
彩虹島物語,uq*******41,2021-07-17 09:38:54,資料異常,請洽客服人員
彩虹島物語,uo*******41,2021-07-17 09:38:54,資料異常,請洽客服人員
彩虹島物語,lt****20,2021-07-17 09:38:54,資料異常,請洽客服人員
彩虹島物語,lt****88,2021-07-17 09:38:54,資料異常,請洽客服人員
彩虹島物語,lt****19,2021-07-17 09:38:54,資料異常,請洽客服人員
彩虹島物語,lt****17,2021-07-17 09:38:54,資料異常,請洽客服人員
彩虹島物語,lt****16,2021-07-17 09:38:54,資料異常,請洽客服人員
彩虹島物語,lt****15,2021-07-17 09:38:54,資料異常,請洽客服人員
彩虹島物語,lt****14,2021-07-17 09:38:54,資料異常,請洽客服人員
彩虹島物語,lt****13,2021-07-17 09:38:54,資料異常,請洽客服人員
彩虹島物語,lt****12,2021-07-17 09:38:54,資料異常,請洽客服人員
彩虹島物語,lt****11,2021-07-17 09:38:54,資料異常,請洽客服人員
彩虹島物語,fo********38,2021-07-17 09:38:53,資料異常,請洽客服人員
彩虹島物語,fo********37,2021-07-17 09:38:53,資料異常,請洽客服人員
彩虹島物語,fo********36,2021-07-17 09:38:53,資料異常,請洽客服人員
彩虹島物語,fo********33,2021-07-17 09:38:53,資料異常,請洽客服人員
彩虹島物語,fo********32,2021-07-17 09:38:53,資料異常,請洽客服人員
彩虹島物語,fo********35,2021-07-17 09:38:53,資料異常,請洽客服人員
彩虹島物語,fo********34,2021-07-17 09:38:53,資料異常,請洽客服人員
彩虹島物語,no****15,2021-07-17 09:38:53,資料異常,請洽客服人員
彩虹島物語,no*****12,2021-07-17 09:38:53,資料異常,請洽客服人員
彩虹島物語,no***o3,2021-07-17 09:38:53,資料異常,請洽客服人員
彩虹島物語,no***o2,2021-07-17 09:38:53,資料異常,請洽客服人員
彩虹島物語,no***o1,2021-07-17 09:38:53,資料異常,請洽客服人員
彩虹島物語,no***u8,2021-07-17 09:38:53,資料異常,請洽客服人員
彩虹島物語,no***u7,2021-07-17 09:38:53,資料異常,請洽客服人員
彩虹島物語,no****26,2021-07-17 09:38:53,資料異常,請洽客服人員
彩虹島物語,no****25,2021-07-17 09:38:53,資料異常,請洽客服人員
彩虹島物語,no****24,2021-07-17 09:38:53,資料異常,請洽客服人員
彩虹島物語,no****23,2021-07-17 09:38:53,資料異常,請洽客服人員
彩虹島物語,no****22,2021-07-17 09:38:53,資料異常,請洽客服人員
彩虹島物語,no****20,2021-07-17 09:38:53,資料異常,請洽客服人員
彩虹島物語,no***u6,2021-07-17 09:38:53,資料異常,請洽客服人員
彩虹島物語,no***u5,2021-07-17 09:38:53,資料異常,請洽客服人員
彩虹島物語,no***u4,2021-07-17 09:38:53,資料異常,請洽客服人員
彩虹島物語,no***u2,2021-07-17 09:38:53,資料異常,請洽客服人員
彩虹島物語,no***u1,2021-07-17 09:38:53,資料異常,請洽客服人員
彩虹島物語,no****07,2021-07-17 09:38:53,資料異常,請洽客服人員
彩虹島物語,cc*****42,2021-07-17 09:38:53,資料異常,請洽客服人員
彩虹島物語,cc*****41,2021-07-17 09:38:53,資料異常,請洽客服人員
彩虹島物語,cc*****40,2021-07-17 09:38:52,資料異常,請洽客服人員
彩虹島物語,cc*****26,2021-07-17 09:38:52,資料異常,請洽客服人員
彩虹島物語,po*******77,2021-07-17 09:38:50,資料異常,請洽客服人員
彩虹島物語,po*******76,2021-07-17 09:38:50,資料異常,請洽客服人員
彩虹島物語,po*******75,2021-07-17 09:38:50,資料異常,請洽客服人員
彩虹島物語,po*******74,2021-07-17 09:38:50,資料異常,請洽客服人員
彩虹島物語,po*******73,2021-07-17 09:38:50,資料異常,請洽客服人員
彩虹島物語,po*******72,2021-07-17 09:38:50,資料異常,請洽客服人員
彩虹島物語,po*******71,2021-07-17 09:38:50,資料異常,請洽客服人員
彩虹島物語,po*******70,2021-07-17 09:38:50,資料異常,請洽客服人員
彩虹島物語,po*******69,2021-07-17 09:38:49,資料異常,請洽客服人員
彩虹島物語,po*******68,2021-07-17 09:38:49,資料異常,請洽客服人員
彩虹島物語,po*******67,2021-07-17 09:38:49,資料異常,請洽客服人員
彩虹島物語,po*******66,2021-07-17 09:38:49,資料異常,請洽客服人員
彩虹島物語,po*******65,2021-07-17 09:38:49,資料異常,請洽客服人員
彩虹島物語,po*******64,2021-07-17 09:38:49,資料異常,請洽客服人員
彩虹島物語,po*******63,2021-07-17 09:38:49,資料異常,請洽客服人員
彩虹島物語,po*******62,2021-07-17 09:38:49,資料異常,請洽客服人員
彩虹島物語,po*******61,2021-07-17 09:38:49,資料異常,請洽客服人員
彩虹島物語,po*******60,2021-07-17 09:38:49,資料異常,請洽客服人員
彩虹島物語,po*******59,2021-07-17 09:38:49,資料異常,請洽客服人員
彩虹島物語,po*******58,2021-07-17 09:38:49,資料異常,請洽客服人員
彩虹島物語,po*******57,2021-07-17 09:38:49,資料異常,請洽客服人員
彩虹島物語,po*******56,2021-07-17 09:38:49,資料異常,請洽客服人員
彩虹島物語,po*******55,2021-07-17 09:38:49,資料異常,請洽客服人員
彩虹島物語,po*******54,2021-07-17 09:38:49,資料異常,請洽客服人員
彩虹島物語,po*******53,2021-07-17 09:38:49,資料異常,請洽客服人員
彩虹島物語,po*******52,2021-07-17 09:38:49,資料異常,請洽客服人員
彩虹島物語,po*******51,2021-07-17 09:38:49,資料異常,請洽客服人員
彩虹島物語,po*******49,2021-07-17 09:38:49,資料異常,請洽客服人員
彩虹島物語,po*******48,2021-07-17 09:38:49,資料異常,請洽客服人員
彩虹島物語,po*******47,2021-07-17 09:38:49,資料異常,請洽客服人員
彩虹島物語,po*******46,2021-07-17 09:38:49,資料異常,請洽客服人員
彩虹島物語,po*******45,2021-07-17 09:38:49,資料異常,請洽客服人員
彩虹島物語,po*******44,2021-07-17 09:38:49,資料異常,請洽客服人員
彩虹島物語,po*******43,2021-07-17 09:38:49,資料異常,請洽客服人員
彩虹島物語,po*******42,2021-07-17 09:38:49,資料異常,請洽客服人員
彩虹島物語,po*******41,2021-07-17 09:38:49,資料異常,請洽客服人員
彩虹島物語,po*******40,2021-07-17 09:38:49,資料異常,請洽客服人員
彩虹島物語,po*******39,2021-07-17 09:38:49,資料異常,請洽客服人員
彩虹島物語,po*******38,2021-07-17 09:38:49,資料異常,請洽客服人員
彩虹島物語,po*******37,2021-07-17 09:38:49,資料異常,請洽客服人員
彩虹島物語,po*******36,2021-07-17 09:38:49,資料異常,請洽客服人員
彩虹島物語,po*******35,2021-07-17 09:38:49,資料異常,請洽客服人員
彩虹島物語,po*******34,2021-07-17 09:38:49,資料異常,請洽客服人員
彩虹島物語,po*******33,2021-07-17 09:38:48,資料異常,請洽客服人員
彩虹島物語,po*******32,2021-07-17 09:38:48,資料異常,請洽客服人員
彩虹島物語,a1*****41,2021-07-17 09:38:43,資料異常,請洽客服人員
彩虹島物語,a1*****40,2021-07-17 09:38:43,資料異常,請洽客服人員
彩虹島物語,a1*****39,2021-07-17 09:38:43,資料異常,請洽客服人員
彩虹島物語,a1*****38,2021-07-17 09:38:43,資料異常,請洽客服人員
彩虹島物語,a1*****37,2021-07-17 09:38:43,資料異常,請洽客服人員
彩虹島物語,a1*****54,2021-07-17 09:38:43,資料異常,請洽客服人員
彩虹島物語,a1*****53,2021-07-17 09:38:43,資料異常,請洽客服人員
彩虹島物語,a1*****52,2021-07-17 09:38:42,資料異常,請洽客服人員
彩虹島物語,a1*****51,2021-07-17 09:38:42,資料異常,請洽客服人員
彩虹島物語,a1*****50,2021-07-17 09:38:42,資料異常,請洽客服人員
彩虹島物語,a1*****49,2021-07-17 09:38:42,資料異常,請洽客服人員
彩虹島物語,a1*****48,2021-07-17 09:38:42,資料異常,請洽客服人員
彩虹島物語,a1*****47,2021-07-17 09:38:42,資料異常,請洽客服人員
彩虹島物語,a1*****46,2021-07-17 09:38:42,資料異常,請洽客服人員
彩虹島物語,a1*****45,2021-07-17 09:38:42,資料異常,請洽客服人員
彩虹島物語,a1*****32,2021-07-17 09:38:42,資料異常,請洽客服人員
彩虹島物語,a1*****31,2021-07-17 09:38:42,資料異常,請洽客服人員
彩虹島物語,a1*****36,2021-07-17 09:38:42,資料異常,請洽客服人員
彩虹島物語,a1*****35,2021-07-17 09:38:42,資料異常,請洽客服人員
彩虹島物語,a1*****34,2021-07-17 09:38:42,資料異常,請洽客服人員
彩虹島物語,a1*****33,2021-07-17 09:38:42,資料異常,請洽客服人員
彩虹島物語,a1*****55,2021-07-17 09:38:42,資料異常,請洽客服人員
彩虹島物語,du***g2,2021-07-17 09:38:42,資料異常,請洽客服人員
彩虹島物語,be**i1,2021-07-17 09:38:42,資料異常,請洽客服人員
彩虹島物語,ku**qi,2021-07-17 09:38:42,資料異常,請洽客服人員
彩虹島物語,bu***ya,2021-07-17 09:38:42,資料異常,請洽客服人員
彩虹島物語,ji*bb,2021-07-17 09:38:42,資料異常,請洽客服人員
彩虹島物語,wa****n1,2021-07-17 09:38:42,資料異常,請洽客服人員
彩虹島物語,qi**u2,2021-07-17 09:38:42,資料異常,請洽客服人員
彩虹島物語,ji****22,2021-07-17 09:38:42,資料異常,請洽客服人員
彩虹島物語,lu****yi,2021-07-17 09:38:41,資料異常,請洽客服人員
彩虹島物語,qi***hi,2021-07-17 09:38:41,資料異常,請洽客服人員
彩虹島物語,sh****ng,2021-07-17 09:38:41,資料異常,請洽客服人員
彩虹島物語,qi****ya,2021-07-17 09:38:41,資料異常,請洽客服人員
彩虹島物語,tu**ji,2021-07-17 09:38:41,資料異常,請洽客服人員
彩虹島物語,ru*****un,2021-07-17 09:38:41,資料異常,請洽客服人員
彩虹島物語,ma****23,2021-07-17 09:38:41,資料異常,請洽客服人員
彩虹島物語,ma****22,2021-07-17 09:38:41,資料異常,請洽客服人員
彩虹島物語,ma****21,2021-07-17 09:38:41,資料異常,請洽客服人員
彩虹島物語,ma****17,2021-07-17 09:38:41,資料異常,請洽客服人員
彩虹島物語,q4********53,2021-07-17 09:38:41,資料異常,請洽客服人員
彩虹島物語,q4********52,2021-07-17 09:38:41,資料異常,請洽客服人員
彩虹島物語,q4********51,2021-07-17 09:38:41,資料異常,請洽客服人員
彩虹島物語,q4********50,2021-07-17 09:38:41,資料異常,請洽客服人員
彩虹島物語,q4********49,2021-07-17 09:38:41,資料異常,請洽客服人員
彩虹島物語,jo***71,2021-07-17 09:38:38,資料異常,請洽客服人員
彩虹島物語,jo***70,2021-07-17 09:38:38,資料異常,請洽客服人員
彩虹島物語,jo***69,2021-07-17 09:38:38,資料異常,請洽客服人員
彩虹島物語,jo***68,2021-07-17 09:38:38,資料異常,請洽客服人員
彩虹島物語,jo***67,2021-07-17 09:38:38,資料異常,請洽客服人員
彩虹島物語,jo***66,2021-07-17 09:38:38,資料異常,請洽客服人員
彩虹島物語,jo***65,2021-07-17 09:38:38,資料異常,請洽客服人員
彩虹島物語,jo***64,2021-07-17 09:38:38,資料異常,請洽客服人員
彩虹島物語,jo***63,2021-07-17 09:38:38,資料異常,請洽客服人員
彩虹島物語,jo***62,2021-07-17 09:38:38,資料異常,請洽客服人員
彩虹島物語,jo***61,2021-07-17 09:38:38,資料異常,請洽客服人員
彩虹島物語,jo***60,2021-07-17 09:38:38,資料異常,請洽客服人員
彩虹島物語,jo***59,2021-07-17 09:38:38,資料異常,請洽客服人員
彩虹島物語,jo***58,2021-07-17 09:38:38,資料異常,請洽客服人員
彩虹島物語,jo***57,2021-07-17 09:38:38,資料異常,請洽客服人員
彩虹島物語,jo***56,2021-07-17 09:38:38,資料異常,請洽客服人員
彩虹島物語,jo***55,2021-07-17 09:38:38,資料異常,請洽客服人員
彩虹島物語,jo***54,2021-07-17 09:38:38,資料異常,請洽客服人員
彩虹島物語,jo***53,2021-07-17 09:38:38,資料異常,請洽客服人員
彩虹島物語,ov***06,2021-07-17 09:38:38,資料異常,請洽客服人員
彩虹島物語,ov***05,2021-07-17 09:38:38,資料異常,請洽客服人員
彩虹島物語,ov***04,2021-07-17 09:38:38,資料異常,請洽客服人員
彩虹島物語,ov***03,2021-07-17 09:38:38,資料異常,請洽客服人員
彩虹島物語,ov***02,2021-07-17 09:38:38,資料異常,請洽客服人員
彩虹島物語,ov***01,2021-07-17 09:38:38,資料異常,請洽客服人員
彩虹島物語,ov***00,2021-07-17 09:38:38,資料異常,請洽客服人員
彩虹島物語,mm*****29,2021-07-17 09:38:38,資料異常,請洽客服人員
彩虹島物語,mm*****28,2021-07-17 09:38:38,資料異常,請洽客服人員
彩虹島物語,mm*****27,2021-07-17 09:38:38,資料異常,請洽客服人員
彩虹島物語,mm*****26,2021-07-17 09:38:38,資料異常,請洽客服人員
彩虹島物語,mm*****10,2021-07-17 09:38:37,資料異常,請洽客服人員
彩虹島物語,mm*****08,2021-07-17 09:38:37,資料異常,請洽客服人員
彩虹島物語,TO****33,2021-07-17 09:38:37,資料異常,請洽客服人員
彩虹島物語,BV****55,2021-07-17 09:38:37,資料異常,請洽客服人員
彩虹島物語,GG****66,2021-07-17 09:38:37,資料異常,請洽客服人員
彩虹島物語,TT****44,2021-07-17 09:38:37,資料異常,請洽客服人員
彩虹島物語,EE****44,2021-07-17 09:38:37,資料異常,請洽客服人員
彩虹島物語,CC****22,2021-07-17 09:38:37,資料異常,請洽客服人員
彩虹島物語,DD****22,2021-07-17 09:38:37,資料異常,請洽客服人員
彩虹島物語,bm****44,2021-07-17 09:38:37,資料異常,請洽客服人員
彩虹島物語,bm****55,2021-07-17 09:38:37,資料異常,請洽客服人員
彩虹島物語,ma****50,2021-07-17 09:38:37,資料異常,請洽客服人員
彩虹島物語,ma****47,2021-07-17 09:38:37,資料異常,請洽客服人員
彩虹島物語,ma****46,2021-07-17 09:38:37,資料異常,請洽客服人員
彩虹島物語,ma****44,2021-07-17 09:38:37,資料異常,請洽客服人員
彩虹島物語,cc**19,2021-07-16 14:15:39,資料異常,請洽客服人員
彩虹島物語,cc**18,2021-07-16 14:15:39,資料異常,請洽客服人員
彩虹島物語,cc**17,2021-07-16 14:15:39,資料異常,請洽客服人員
彩虹島物語,cc**16,2021-07-16 14:15:39,資料異常,請洽客服人員
彩虹島物語,cc**15,2021-07-16 14:15:38,資料異常,請洽客服人員
彩虹島物語,cc**14,2021-07-16 14:15:38,資料異常,請洽客服人員
彩虹島物語,cc**13,2021-07-16 14:15:38,資料異常,請洽客服人員
彩虹島物語,cc**12,2021-07-16 14:15:38,資料異常,請洽客服人員
彩虹島物語,cc**11,2021-07-16 14:15:38,資料異常,請洽客服人員
彩虹島物語,cc**10,2021-07-16 14:15:38,資料異常,請洽客服人員
彩虹島物語,cc**09,2021-07-16 14:15:38,資料異常,請洽客服人員
彩虹島物語,cc**08,2021-07-16 14:15:38,資料異常,請洽客服人員
彩虹島物語,cc**07,2021-07-16 14:15:38,資料異常,請洽客服人員
彩虹島物語,cc**06,2021-07-16 14:15:38,資料異常,請洽客服人員
彩虹島物語,cc**05,2021-07-16 14:15:38,資料異常,請洽客服人員
彩虹島物語,cc**04,2021-07-16 14:15:38,資料異常,請洽客服人員
彩虹島物語,cc**03,2021-07-16 14:15:38,資料異常,請洽客服人員
彩虹島物語,cc**02,2021-07-16 14:15:38,資料異常,請洽客服人員
彩虹島物語,cc**01,2021-07-16 14:15:38,資料異常,請洽客服人員
彩虹島物語,xs**09,2021-07-16 14:15:38,資料異常,請洽客服人員
彩虹島物語,xs**08,2021-07-16 14:15:38,資料異常,請洽客服人員
彩虹島物語,xs**07,2021-07-16 14:15:38,資料異常,請洽客服人員
彩虹島物語,xs**06,2021-07-16 14:15:38,資料異常,請洽客服人員
彩虹島物語,xs**05,2021-07-16 14:15:38,資料異常,請洽客服人員
彩虹島物語,xs**04,2021-07-16 14:15:38,資料異常,請洽客服人員
彩虹島物語,xs**03,2021-07-16 14:15:38,資料異常,請洽客服人員
彩虹島物語,xs**02,2021-07-16 14:15:38,資料異常,請洽客服人員
彩虹島物語,xs**01,2021-07-16 14:15:38,資料異常,請洽客服人員
彩虹島物語,ko***10,2021-07-16 14:15:38,資料異常,請洽客服人員
彩虹島物語,ko***09,2021-07-16 14:15:38,資料異常,請洽客服人員
彩虹島物語,xq********87,2021-07-16 14:15:37,資料異常,請洽客服人員
彩虹島物語,xq********98,2021-07-16 14:15:37,資料異常,請洽客服人員
彩虹島物語,xq********19,2021-07-16 14:15:37,資料異常,請洽客服人員
彩虹島物語,xq********21,2021-07-16 14:15:37,資料異常,請洽客服人員
彩虹島物語,xq********78,2021-07-16 14:15:37,資料異常,請洽客服人員
彩虹島物語,xq********67,2021-07-16 14:15:37,資料異常,請洽客服人員
彩虹島物語,xq********56,2021-07-16 14:15:37,資料異常,請洽客服人員
彩虹島物語,xq********45,2021-07-16 14:15:37,資料異常,請洽客服人員
彩虹島物語,xq********34,2021-07-16 14:15:37,資料異常,請洽客服人員
彩虹島物語,xq********23,2021-07-16 14:15:37,資料異常,請洽客服人員
彩虹島物語,xq********12,2021-07-16 14:15:37,資料異常,請洽客服人員
彩虹島物語,xq********91,2021-07-16 14:15:37,資料異常,請洽客服人員
彩虹島物語,xq********89,2021-07-16 14:15:37,資料異常,請洽客服人員
彩虹島物語,kl**15,2021-07-16 14:15:37,資料異常,請洽客服人員
彩虹島物語,kl**14,2021-07-16 14:15:37,資料異常,請洽客服人員
彩虹島物語,q2*********36,2021-07-16 14:15:30,資料異常,請洽客服人員
彩虹島物語,q2*********35,2021-07-16 14:15:30,資料異常,請洽客服人員
彩虹島物語,q2*********34,2021-07-16 14:15:30,資料異常,請洽客服人員
彩虹島物語,q2*********33,2021-07-16 14:15:30,資料異常,請洽客服人員
彩虹島物語,q2*********32,2021-07-16 14:15:30,資料異常,請洽客服人員
彩虹島物語,q2*********31,2021-07-16 14:15:30,資料異常,請洽客服人員
彩虹島物語,q2*********30,2021-07-16 14:15:30,資料異常,請洽客服人員
彩虹島物語,q2*********29,2021-07-16 14:15:30,資料異常,請洽客服人員
彩虹島物語,q2*********28,2021-07-16 14:15:30,資料異常,請洽客服人員
彩虹島物語,q2*********27,2021-07-16 14:15:30,資料異常,請洽客服人員
彩虹島物語,q2*********26,2021-07-16 14:15:30,資料異常,請洽客服人員
彩虹島物語,q2*********25,2021-07-16 14:15:30,資料異常,請洽客服人員
彩虹島物語,q2*********24,2021-07-16 14:15:30,資料異常,請洽客服人員
彩虹島物語,q2*********23,2021-07-16 14:15:30,資料異常,請洽客服人員
彩虹島物語,q2*********22,2021-07-16 14:15:30,資料異常,請洽客服人員
彩虹島物語,q2*********21,2021-07-16 14:15:30,資料異常,請洽客服人員
彩虹島物語,q2*********20,2021-07-16 14:15:30,資料異常,請洽客服人員
彩虹島物語,q2*********19,2021-07-16 14:15:30,資料異常,請洽客服人員
彩虹島物語,q2*********18,2021-07-16 14:15:30,資料異常,請洽客服人員
彩虹島物語,q2*********17,2021-07-16 14:15:30,資料異常,請洽客服人員
彩虹島物語,q2*********16,2021-07-16 14:15:30,資料異常,請洽客服人員
彩虹島物語,q2*********15,2021-07-16 14:15:30,資料異常,請洽客服人員
彩虹島物語,q2*********14,2021-07-16 14:15:30,資料異常,請洽客服人員
彩虹島物語,q2*********13,2021-07-16 14:15:30,資料異常,請洽客服人員
彩虹島物語,bp**18,2021-07-16 14:15:30,資料異常,請洽客服人員
彩虹島物語,bp**20,2021-07-16 14:15:30,資料異常,請洽客服人員
彩虹島物語,bp**19,2021-07-16 14:15:30,資料異常,請洽客服人員
彩虹島物語,bp**17,2021-07-16 14:15:30,資料異常,請洽客服人員
彩虹島物語,bp**16,2021-07-16 14:15:30,資料異常,請洽客服人員
彩虹島物語,bp**15,2021-07-16 14:15:29,資料異常,請洽客服人員
彩虹島物語,we******23,2021-07-16 14:15:29,資料異常,請洽客服人員
彩虹島物語,we******22,2021-07-16 14:15:29,資料異常,請洽客服人員
彩虹島物語,we******21,2021-07-16 14:15:29,資料異常,請洽客服人員
彩虹島物語,we******20,2021-07-16 14:15:29,資料異常,請洽客服人員
彩虹島物語,we******19,2021-07-16 14:15:29,資料異常,請洽客服人員
彩虹島物語,we******18,2021-07-16 14:15:29,資料異常,請洽客服人員
彩虹島物語,we******17,2021-07-16 14:15:29,資料異常,請洽客服人員
彩虹島物語,we******16,2021-07-16 14:15:29,資料異常,請洽客服人員
彩虹島物語,we******15,2021-07-16 14:15:29,資料異常,請洽客服人員
彩虹島物語,we******14,2021-07-16 14:15:29,資料異常,請洽客服人員
彩虹島物語,we******13,2021-07-16 14:15:28,資料異常,請洽客服人員
彩虹島物語,we******12,2021-07-16 14:15:28,資料異常,請洽客服人員
彩虹島物語,we******11,2021-07-16 14:15:28,資料異常,請洽客服人員
彩虹島物語,we******10,2021-07-16 14:15:28,資料異常,請洽客服人員
彩虹島物語,we*****a9,2021-07-16 14:15:28,資料異常,請洽客服人員
彩虹島物語,vt***10,2021-05-10 12:27:43,資料異常,請洽客服
彩虹島物語,vt***09,2021-05-10 12:27:43,資料異常,請洽客服
彩虹島物語,vt***08,2021-05-10 12:27:43,資料異常,請洽客服
彩虹島物語,vt***07,2021-05-10 12:27:43,資料異常,請洽客服
彩虹島物語,vt***06,2021-05-10 12:27:43,資料異常,請洽客服
彩虹島物語,vt***05,2021-05-10 12:27:43,資料異常,請洽客服
彩虹島物語,vt***04,2021-05-10 12:27:43,資料異常,請洽客服
彩虹島物語,vt***03,2021-05-10 12:27:43,資料異常,請洽客服
彩虹島物語,vt***01,2021-05-10 12:27:43,資料異常,請洽客服
彩虹島物語,s6****98,2021-05-10 12:27:43,資料異常,請洽客服
彩虹島物語,s1****34,2021-05-10 12:27:43,資料異常,請洽客服
彩虹島物語,de*******26,2021-05-10 12:27:43,資料異常,請洽客服
彩虹島物語,Ginny妮,2021-05-04 15:23:03,有影射現實生活的金錢做買賣情況(經官方人員查證屬實),警告乙次
彩虹島物語,Beemooooo,2021-05-04 15:20:49,有影射現實生活的金錢做買賣情況(經官方人員查證屬實),警告乙次
彩虹島物語,456*****ak,2021-05-03 19:48:34,資料異常,請洽客服人員
彩虹島物語,ca*****15,2021-04-29 12:33:02,資料異常,請洽客服
彩虹島物語,ca*****45,2021-04-29 12:33:02,資料異常,請洽客服
彩虹島物語,ca*****15,2021-04-29 12:33:02,資料異常,請洽客服
彩虹島物語,ca*****75,2021-04-29 12:33:02,資料異常,請洽客服
彩虹島物語,ca*******56,2021-04-29 12:33:02,資料異常,請洽客服
彩虹島物語,ca*****13,2021-04-29 12:33:02,資料異常,請洽客服
彩虹島物語,go********08,2021-04-29 12:33:02,資料異常,請洽客服
彩虹島物語,go********03,2021-04-29 12:33:02,資料異常,請洽客服
彩虹島物語,go********02,2021-04-29 12:33:02,資料異常,請洽客服
彩虹島物語,go********01,2021-04-29 12:33:02,資料異常,請洽客服
彩虹島物語,go********00,2021-04-29 12:33:02,資料異常,請洽客服
彩虹島物語,zj**66,2021-04-29 12:33:02,資料異常,請洽客服
彩虹島物語,zj**55,2021-04-29 12:33:02,資料異常,請洽客服
彩虹島物語,zj**44,2021-04-29 12:33:02,資料異常,請洽客服
彩虹島物語,zj**33,2021-04-29 12:33:02,資料異常,請洽客服
彩虹島物語,zj**22,2021-04-29 12:33:02,資料異常,請洽客服
彩虹島物語,zj**11,2021-04-29 12:33:02,資料異常,請洽客服
彩虹島物語,ya*******70,2021-04-29 12:33:02,資料異常,請洽客服
彩虹島物語,ya******17,2021-04-29 12:33:02,資料異常,請洽客服
彩虹島物語,ya******11,2021-04-29 12:33:02,資料異常,請洽客服
彩虹島物語,ya******70,2021-04-29 12:33:02,資料異常,請洽客服
彩虹島物語,ya*****17,2021-04-29 12:33:02,資料異常,請洽客服
彩虹島物語,w4*******47,2021-04-29 12:33:02,資料異常,請洽客服
彩虹島物語,w4*******46,2021-04-29 12:33:02,資料異常,請洽客服
彩虹島物語,w4*******45,2021-04-29 12:33:02,資料異常,請洽客服
彩虹島物語,w4*******43,2021-04-29 12:33:02,資料異常,請洽客服
彩虹島物語,w4*******42,2021-04-29 12:33:02,資料異常,請洽客服
彩虹島物語,ja****pp,2021-04-29 12:33:02,資料異常,請洽客服
彩虹島物語,ja****yy,2021-04-29 12:33:02,資料異常,請洽客服
彩虹島物語,ja****yw,2021-04-29 12:33:02,資料異常,請洽客服
彩虹島物語,cc*****55,2021-04-28 12:22:34,資料異常,請洽客服人員
彩虹島物語,cc*****54,2021-04-28 12:22:34,資料異常,請洽客服人員
彩虹島物語,cc*****53,2021-04-28 12:22:34,資料異常,請洽客服人員
彩虹島物語,cc*****52,2021-04-28 12:22:34,資料異常,請洽客服人員
彩虹島物語,cc*****51,2021-04-28 12:22:34,資料異常,請洽客服人員
彩虹島物語,cc*****50,2021-04-28 12:22:34,資料異常,請洽客服人員
彩虹島物語,cc****25,2021-04-28 12:22:34,資料異常,請洽客服人員
彩虹島物語,cc*****49,2021-04-28 12:22:34,資料異常,請洽客服人員
彩虹島物語,cc*****48,2021-04-28 12:22:34,資料異常,請洽客服人員
彩虹島物語,cc*****47,2021-04-28 12:22:34,資料異常,請洽客服人員
彩虹島物語,cc*****46,2021-04-28 12:22:34,資料異常,請洽客服人員
彩虹島物語,cc*****45,2021-04-28 12:22:34,資料異常,請洽客服人員
彩虹島物語,cc*****44,2021-04-28 12:22:34,資料異常,請洽客服人員
彩虹島物語,cc*****43,2021-04-28 12:22:34,資料異常,請洽客服人員
彩虹島物語,cc*****42,2021-04-28 12:22:34,資料異常,請洽客服人員
彩虹島物語,cc*****41,2021-04-28 12:22:34,資料異常,請洽客服人員
彩虹島物語,cc****24,2021-04-28 12:22:34,資料異常,請洽客服人員
彩虹島物語,cc*****39,2021-04-28 12:22:34,資料異常,請洽客服人員
彩虹島物語,cc*****38,2021-04-28 12:22:34,資料異常,請洽客服人員
彩虹島物語,cc*****37,2021-04-28 12:22:34,資料異常,請洽客服人員
彩虹島物語,cc*****36,2021-04-28 12:22:34,資料異常,請洽客服人員
彩虹島物語,cc*****35,2021-04-28 12:22:34,資料異常,請洽客服人員
彩虹島物語,cc*****34,2021-04-28 12:22:34,資料異常,請洽客服人員
彩虹島物語,cc*****33,2021-04-28 12:22:34,資料異常,請洽客服人員
彩虹島物語,cc*****32,2021-04-28 12:22:34,資料異常,請洽客服人員
彩虹島物語,cc*****31,2021-04-28 12:22:34,資料異常,請洽客服人員
彩虹島物語,cc*****30,2021-04-28 12:22:34,資料異常,請洽客服人員
彩虹島物語,cc****23,2021-04-28 12:22:34,資料異常,請洽客服人員
彩虹島物語,cc*****29,2021-04-28 12:22:34,資料異常,請洽客服人員
彩虹島物語,cc*****28,2021-04-28 12:22:34,資料異常,請洽客服人員
彩虹島物語,cc****20,2021-04-28 12:22:33,資料異常,請洽客服人員
彩虹島物語,cc***c2,2021-04-28 12:22:33,資料異常,請洽客服人員
彩虹島物語,cc*****99,2021-04-28 12:22:33,資料異常,請洽客服人員
彩虹島物語,cc*****98,2021-04-28 12:22:33,資料異常,請洽客服人員
彩虹島物語,cc*****97,2021-04-28 12:22:33,資料異常,請洽客服人員
彩虹島物語,cc*****96,2021-04-28 12:22:33,資料異常,請洽客服人員
彩虹島物語,cc*****95,2021-04-28 12:22:33,資料異常,請洽客服人員
彩虹島物語,cc*****94,2021-04-28 12:22:33,資料異常,請洽客服人員
彩虹島物語,cc*****93,2021-04-28 12:22:33,資料異常,請洽客服人員
彩虹島物語,cc*****92,2021-04-28 12:22:33,資料異常,請洽客服人員
彩虹島物語,cc*****91,2021-04-28 12:22:33,資料異常,請洽客服人員
彩虹島物語,cc*****90,2021-04-28 12:22:33,資料異常,請洽客服人員
彩虹島物語,cc****19,2021-04-28 12:22:33,資料異常,請洽客服人員
彩虹島物語,cc*****89,2021-04-28 12:22:33,資料異常,請洽客服人員
彩虹島物語,cc*****88,2021-04-28 12:22:33,資料異常,請洽客服人員
彩虹島物語,656456,2021-03-31 17:48:44,資料異常,請洽客服人員
彩虹島物語,64565,2021-03-31 17:48:44,資料異常,請洽客服人員
彩虹島物語,645565,2021-03-31 17:48:44,資料異常,請洽客服人員
彩虹島物語,5656657,2021-03-31 17:48:44,資料異常,請洽客服人員
彩虹島物語,5654767,2021-03-31 17:48:44,資料異常,請洽客服人員
彩虹島物語,56546456,2021-03-31 17:48:44,資料異常,請洽客服人員
彩虹島物語,554657,2021-03-31 17:48:44,資料異常,請洽客服人員
彩虹島物語,545656,2021-03-31 17:48:44,資料異常,請洽客服人員
彩虹島物語,545346,2021-03-31 17:48:44,資料異常,請洽客服人員
彩虹島物語,543454,2021-03-31 17:48:44,資料異常,請洽客服人員
彩虹島物語,45656546,2021-03-31 17:48:44,資料異常,請洽客服人員
彩虹島物語,4543545,2021-03-31 17:48:44,資料異常,請洽客服人員
彩虹島物語,4543534,2021-03-31 17:48:44,資料異常,請洽客服人員
彩虹島物語,445523,2021-03-31 17:48:44,資料異常,請洽客服人員
彩虹島物語,7899,2021-03-31 17:48:44,資料異常,請洽客服人員
彩虹島物語,灌灌灌灌2,2021-03-31 17:48:44,資料異常,請洽客服人員
彩虹島物語,還會核查,2021-03-31 17:48:44,資料異常,請洽客服人員
彩虹島物語,幫助者a,2021-03-31 17:48:44,資料異常,請洽客服人員
彩虹島物語,線程,2021-03-31 17:48:44,資料異常,請洽客服人員
彩虹島物語,撒方式,2021-03-31 17:48:44,資料異常,請洽客服人員
彩虹島物語,稱反正煩煩煩,2021-03-31 17:48:44,資料異常,請洽客服人員
彩虹島物語,嘎嘎嘎下5,2021-03-31 17:48:44,資料異常,請洽客服人員
彩虹島物語,嘎嘎嘎下,2021-03-31 17:48:44,資料異常,請洽客服人員
彩虹島物語,該公司各個,2021-03-31 17:48:44,資料異常,請洽客服人員
彩虹島物語,煩煩煩5,2021-03-31 17:48:44,資料異常,請洽客服人員
彩虹島物語,感受到,2021-03-31 17:48:44,資料異常,請洽客服人員
彩虹島物語,發說說,2021-03-31 17:48:44,資料異常,請洽客服人員
彩虹島物語,發發發搞這些,2021-03-31 17:48:44,資料異常,請洽客服人員
彩虹島物語,發放給哥哥,2021-03-31 17:48:43,資料異常,請洽客服人員
彩虹島物語,啊發發祝福,2021-03-31 17:48:43,資料異常,請洽客服人員
彩虹島物語,321315,2021-03-31 17:48:40,資料異常,請洽客服人員
彩虹島物語,3213118,2021-03-31 17:48:40,資料異常,請洽客服人員
彩虹島物語,3213112,2021-03-31 17:48:40,資料異常,請洽客服人員
彩虹島物語,3213106,2021-03-31 17:48:40,資料異常,請洽客服人員
彩虹島物語,3213102,2021-03-31 17:48:40,資料異常,請洽客服人員
彩虹島物語,321309,2021-03-31 17:48:40,資料異常,請洽客服人員
彩虹島物語,321304,2021-03-31 17:48:40,資料異常,請洽客服人員
彩虹島物語,321207,2021-03-31 17:48:40,資料異常,請洽客服人員
彩虹島物語,32120,2021-03-31 17:48:40,資料異常,請洽客服人員
彩虹島物語,32103,2021-03-31 17:48:40,資料異常,請洽客服人員
彩虹島物語,3132117,2021-03-31 17:48:40,資料異常,請洽客服人員
彩虹島物語,3125518,2021-03-31 17:48:40,資料異常,請洽客服人員
彩虹島物語,312401,2021-03-31 17:48:40,資料異常,請洽客服人員
彩虹島物語,3123402,2021-03-31 17:48:40,資料異常,請洽客服人員
彩虹島物語,31232112,2021-03-31 17:48:40,資料異常,請洽客服人員
彩虹島物語,Arkron181,2021-01-22 14:30:48,資料異常,請洽客服人員
彩虹島物語,Arkron180,2021-01-22 14:30:47,資料異常,請洽客服人員
彩虹島物語,Arkron179,2021-01-22 14:30:47,資料異常,請洽客服人員
彩虹島物語,Arkron178,2021-01-22 14:30:47,資料異常,請洽客服人員
彩虹島物語,Arkron177,2021-01-22 14:30:47,資料異常,請洽客服人員
彩虹島物語,Arkron176,2021-01-22 14:30:47,資料異常,請洽客服人員
彩虹島物語,Arkron175,2021-01-22 14:30:47,資料異常,請洽客服人員
彩虹島物語,Arkron174,2021-01-22 14:30:47,資料異常,請洽客服人員
彩虹島物語,Arkron173,2021-01-22 14:30:47,資料異常,請洽客服人員
彩虹島物語,Arkron172,2021-01-22 14:30:47,資料異常,請洽客服人員
彩虹島物語,Arkron171,2021-01-22 14:30:47,資料異常,請洽客服人員
彩虹島物語,Arkron170,2021-01-22 14:30:47,資料異常,請洽客服人員
彩虹島物語,Arkron169,2021-01-22 14:30:47,資料異常,請洽客服人員
彩虹島物語,Arkron168,2021-01-22 14:30:47,資料異常,請洽客服人員
彩虹島物語,Arkron167,2021-01-22 14:30:47,資料異常,請洽客服人員
彩虹島物語,Arkron166,2021-01-22 14:30:47,資料異常,請洽客服人員
彩虹島物語,Arkron165,2021-01-22 14:30:47,資料異常,請洽客服人員
彩虹島物語,Arkron164,2021-01-22 14:30:47,資料異常,請洽客服人員
彩虹島物語,Arkron163,2021-01-22 14:30:47,資料異常,請洽客服人員
彩虹島物語,Arkron162,2021-01-22 14:30:47,資料異常,請洽客服人員
彩虹島物語,Arkron161,2021-01-22 14:30:47,資料異常,請洽客服人員
彩虹島物語,Arkron160,2021-01-22 14:30:47,資料異常,請洽客服人員
彩虹島物語,Arkron159,2021-01-22 14:30:47,資料異常,請洽客服人員
彩虹島物語,Arkron158,2021-01-22 14:30:47,資料異常,請洽客服人員
彩虹島物語,Arkron157,2021-01-22 14:30:47,資料異常,請洽客服人員
彩虹島物語,Arkron156,2021-01-22 14:30:47,資料異常,請洽客服人員
彩虹島物語,Arkron155,2021-01-22 14:30:47,資料異常,請洽客服人員
彩虹島物語,Arkron154,2021-01-22 14:30:47,資料異常,請洽客服人員
彩虹島物語,Arkron153,2021-01-22 14:30:47,資料異常,請洽客服人員
彩虹島物語,Arkron152,2021-01-22 14:30:47,資料異常,請洽客服人員
彩虹島物語,Arkron106,2021-01-22 14:30:46,資料異常,請洽客服人員
彩虹島物語,Arkron105,2021-01-22 14:30:46,資料異常,請洽客服人員
彩虹島物語,Arkron104,2021-01-22 14:30:46,資料異常,請洽客服人員
彩虹島物語,Arkron103,2021-01-22 14:30:46,資料異常,請洽客服人員
彩虹島物語,Arkron102,2021-01-22 14:30:46,資料異常,請洽客服人員
彩虹島物語,Arkron101,2021-01-22 14:30:46,資料異常,請洽客服人員
彩虹島物語,Arkron100,2021-01-22 14:30:46,資料異常,請洽客服人員
彩虹島物語,Arkron099,2021-01-22 14:30:45,資料異常,請洽客服人員
彩虹島物語,Arkron098,2021-01-22 14:30:45,資料異常,請洽客服人員
彩虹島物語,Arkron097,2021-01-22 14:30:45,資料異常,請洽客服人員
彩虹島物語,Arkron096,2021-01-22 14:30:45,資料異常,請洽客服人員
彩虹島物語,Arkron095,2021-01-22 14:30:45,資料異常,請洽客服人員
彩虹島物語,Arkron094,2021-01-22 14:30:45,資料異常,請洽客服人員
彩虹島物語,Arkron093,2021-01-22 14:30:45,資料異常,請洽客服人員
彩虹島物語,Arkron092,2021-01-22 14:30:45,資料異常,請洽客服人員
彩虹島物語,ri*ve,2020-12-22 18:24:59,資料異常,請洽客服人員
彩虹島物語,ro*or,2020-12-22 18:24:59,資料異常,請洽客服人員
彩虹島物語,ro*bi,2020-12-22 18:24:59,資料異常,請洽客服人員
彩虹島物語,ro*ri,2020-12-22 18:24:59,資料異常,請洽客服人員
彩虹島物語,ro*by,2020-12-22 18:24:59,資料異常,請洽客服人員
彩虹島物語,ru*an,2020-12-22 18:24:59,資料異常,請洽客服人員
彩虹島物語,sa*pa,2020-12-22 18:24:59,資料異常,請洽客服人員
彩虹島物語,sa*ye,2020-12-22 18:24:59,資料異常,請洽客服人員
彩虹島物語,se*if,2020-12-22 18:24:59,資料異常,請洽客服人員
彩虹島物語,sh*be,2020-12-22 18:24:59,資料異常,請洽客服人員
彩虹島物語,si*my,2020-12-22 18:24:59,資料異常,請洽客服人員
彩虹島物語,so*fo,2020-12-22 18:24:59,資料異常,請洽客服人員
彩虹島物語,so*el,2020-12-22 18:24:59,資料異常,請洽客服人員
彩虹島物語,so*su,2020-12-22 18:24:59,資料異常,請洽客服人員
彩虹島物語,so*sa,2020-12-22 18:24:59,資料異常,請洽客服人員
彩虹島物語,su*ne,2020-12-22 18:24:59,資料異常,請洽客服人員
彩虹島物語,ta*er,2020-12-22 18:24:59,資料異常,請洽客服人員
彩虹島物語,ta*fa,2020-12-22 18:24:59,資料異常,請洽客服人員
彩虹島物語,te*ai,2020-12-22 18:24:59,資料異常,請洽客服人員
彩虹島物語,te*fi,2020-12-22 18:24:59,資料異常,請洽客服人員
彩虹島物語,te*ag,2020-12-22 18:24:59,資料異常,請洽客服人員
彩虹島物語,ti*ey,2020-12-22 18:24:59,資料異常,請洽客服人員
彩虹島物語,ti*fa,2020-12-22 18:24:59,資料異常,請洽客服人員
彩虹島物語,ti*ah,2020-12-22 18:24:59,資料異常,請洽客服人員
彩虹島物語,to*ra,2020-12-22 18:24:59,資料異常,請洽客服人員
彩虹島物語,to**n5,2020-12-22 18:24:59,資料異常,請洽客服人員
彩虹島物語,tr*do,2020-12-22 18:24:59,資料異常,請洽客服人員
彩虹島物語,tr*tu,2020-12-22 18:24:58,資料異常,請洽客服人員
彩虹島物語,tu*fr,2020-12-22 18:24:58,資料異常,請洽客服人員
彩虹島物語,tu*ke,2020-12-22 18:24:58,資料異常,請洽客服人員
彩虹島物語,el*******6f,2020-10-14 17:44:27,資料異常,請洽客服人員
彩虹島物語,el*******7f,2020-10-14 17:44:27,資料異常,請洽客服人員
彩虹島物語,xf******23,2020-10-14 17:44:27,資料異常,請洽客服人員
彩虹島物語,謊言,2020-10-14 17:44:27,資料異常,請洽客服人員
彩虹島物語,po51,2020-10-14 17:44:27,資料異常,請洽客服人員
彩虹島物語,mi*******03,2020-10-14 17:44:27,資料異常,請洽客服人員
彩虹島物語,Ni*****77,2020-10-14 17:44:27,資料異常,請洽客服人員
彩虹島物語,xf*******55,2020-10-14 17:44:27,資料異常,請洽客服人員
彩虹島物語,xf*******54,2020-10-14 17:44:27,資料異常,請洽客服人員
彩虹島物語,xf*******52,2020-10-14 17:44:27,資料異常,請洽客服人員
彩虹島物語,xf******55,2020-10-14 17:44:27,資料異常,請洽客服人員
彩虹島物語,xf******54,2020-10-14 17:44:27,資料異常,請洽客服人員
彩虹島物語,xf*****55,2020-10-14 17:44:27,資料異常,請洽客服人員
彩虹島物語,xf***51,2020-10-14 17:44:27,資料異常,請洽客服人員
彩虹島物語,xf**55,2020-10-14 17:44:27,資料異常,請洽客服人員
彩虹島物語,WTOTW,2020-06-08 14:30:37,資料異常,請洽客服人員
彩虹島物語,特調拿鐵o,2020-06-08 14:30:37,資料異常,請洽客服人員
彩虹島物語,踏血尋星,2020-06-08 14:30:37,資料異常,請洽客服人員
彩虹島物語,fnsui,2020-06-08 14:30:37,資料異常,請洽客服人員
彩虹島物語,敗家爺們,2020-06-08 14:30:37,資料異常,請洽客服人員
彩虹島物語,牛1,2020-06-08 14:30:37,資料異常,請洽客服人員
彩虹島物語,八,2020-06-08 14:30:37,資料異常,請洽客服人員
彩虹島物語,黑魂行者,2020-06-06 11:00:46,未能配合線上GM查緝作業，使用外掛(含自動練功、軟硬體加速、破解外掛、卡鍵…等),帳號永久停權
彩虹島物語,FireFoxxx,2020-06-06 10:53:38,未能配合線上GM查緝作業，使用外掛(含自動練功、軟硬體加速、破解外掛、卡鍵…等),帳號永久停權
彩虹島物語,RabbitX,2020-06-05 14:02:25,未能配合線上GM查緝作業，使用外掛(含自動練功、軟硬體加速、破解外掛、卡鍵…等),帳號永久停權
彩虹島物語,臡,2020-06-05 13:56:08,未能配合線上GM查緝作業，使用外掛(含自動練功、軟硬體加速、破解外掛、卡鍵…等),帳號永久停權
彩虹島物語,淳睿,2020-06-04 22:18:47,有影射現實生活的金錢做買賣情況(經官方人員查證屬實),警告乙次
彩虹島物語,七月清晨海風,2020-06-03 20:19:02,未能配合線上GM查緝作業，使用外掛(含自動練功、軟硬體加速、破解外掛、卡鍵…等),帳號永久停權
彩虹島物語,miaonei,2020-06-03 20:18:52,未能配合線上GM查緝作業，使用外掛(含自動練功、軟硬體加速、破解外掛、卡鍵…等),帳號永久停權
彩虹島物語,jmuij,2020-06-03 20:18:39,未能配合線上GM查緝作業，使用外掛(含自動練功、軟硬體加速、破解外掛、卡鍵…等),帳號永久停權
彩虹島物語,popo8,2020-06-02 17:02:05,未能配合線上GM查緝作業，使用外掛(含自動練功、軟硬體加速、破解外掛、卡鍵…等),帳號永久停權
彩虹島物語,搬磚002,2020-06-02 17:01:52,未能配合線上GM查緝作業，使用外掛(含自動練功、軟硬體加速、破解外掛、卡鍵…等),帳號永久停權
彩虹島物語,日日思君不見君,2020-05-29 19:06:10,影射現金交易,警告乙次
彩虹島物語,灝純,2020-05-29 10:03:47,有影射現實生活的金錢做買賣情況(經官方人員查證屬實),警告乙次
彩虹島物語,DontCry,2020-05-29 09:29:29,未能配合線上GM查緝作業，使用外掛(含自動練功、軟硬體加速、破解外掛、卡鍵…等),帳號永久停權
彩虹島物語,李旭,2020-05-29 08:57:31,未能配合線上GM查緝作業，使用外掛(含自動練功、軟硬體加速、破解外掛、卡鍵…等),帳號永久停權
彩虹島物語,yu****oo,2020-05-28 10:55:24,資料異常,請洽客服人員
彩虹島物語,xu*****23,2020-05-28 10:55:24,資料異常,請洽客服人員
彩虹島物語,xu*****oo,2020-05-28 10:55:24,資料異常,請洽客服人員
彩虹島物語,xu****oo,2020-05-28 10:55:24,資料異常,請洽客服人員
彩虹島物語,xi******oo,2020-05-28 10:55:24,資料異常,請洽客服人員
彩虹島物語,xi*****oo,2020-05-28 10:55:24,資料異常,請洽客服人員
彩虹島物語,xi****oo,2020-05-28 10:55:24,資料異常,請洽客服人員
彩虹島物語,xi******ll,2020-05-28 10:55:24,資料異常,請洽客服人員
彩虹島物語,xi*****ll,2020-05-28 10:55:24,資料異常,請洽客服人員
彩虹島物語,余念,2020-05-28 10:55:24,資料異常,請洽客服人員
彩虹島物語,so****ro,2020-05-28 10:55:24,資料異常,請洽客服人員
彩虹島物語,so***im,2020-05-28 10:55:24,資料異常,請洽客服人員
彩虹島物語,SH****40,2020-05-28 10:55:23,資料異常,請洽客服人員
彩虹島物語,Sa*****99,2020-05-28 10:55:23,資料異常,請洽客服人員
彩虹島物語,王多余,2020-05-28 10:55:23,資料異常,請洽客服人員
彩虹島物語,ou***99,2020-05-28 10:55:23,資料異常,請洽客服人員
彩虹島物語,lo******oo,2020-05-28 10:55:23,資料異常,請洽客服人員
彩虹島物語,lo******xx,2020-05-28 10:55:23,資料異常,請洽客服人員
彩虹島物語,lo*****xx,2020-05-28 10:55:23,資料異常,請洽客服人員
彩虹島物語,lo*****oo,2020-05-28 10:55:23,資料異常,請洽客服人員
彩虹島物語,lo****oo,2020-05-28 10:55:23,資料異常,請洽客服人員
彩虹島物語,jy*******90,2020-05-28 10:55:23,資料異常,請洽客服人員
彩虹島物語,JU*****20,2020-05-28 10:55:23,資料異常,請洽客服人員
彩虹島物語,jo********07,2020-05-28 10:55:23,資料異常,請洽客服人員
彩虹島物語,qi****20,2020-04-29 15:17:05,資料異常,請洽客服人員
彩虹島物語,zz****09,2020-04-29 15:17:05,資料異常,請洽客服人員
彩虹島物語,zz****01,2020-04-29 15:17:05,資料異常,請洽客服人員
彩虹島物語,aa****01,2020-04-29 15:17:05,資料異常,請洽客服人員
彩虹島物語,z0****09,2020-04-29 15:17:05,資料異常,請洽客服人員
彩虹島物語,c0****09,2020-04-29 15:17:05,資料異常,請洽客服人員
彩虹島物語,c0****05,2020-04-29 15:17:05,資料異常,請洽客服人員
彩虹島物語,c0****01,2020-04-29 15:17:05,資料異常,請洽客服人員
彩虹島物語,go******53,2020-04-29 15:17:05,資料異常,請洽客服人員
彩虹島物語,z0****00,2020-04-29 15:17:05,資料異常,請洽客服人員
彩虹島物語,z0****01,2020-04-29 15:17:05,資料異常,請洽客服人員
彩虹島物語,st*****01,2020-04-29 15:13:56,資料異常,請洽客服人員
彩虹島物語,ke******94,2020-04-29 15:13:56,資料異常,請洽客服人員
彩虹島物語,q9******13,2020-04-29 15:13:56,資料異常,請洽客服人員
彩虹島物語,lc*******70,2020-04-29 15:13:56,資料異常,請洽客服人員
彩虹島物語,q0****01,2020-04-29 15:13:56,資料異常,請洽客服人員
彩虹島物語,XX****54,2020-04-29 15:13:56,資料異常,請洽客服人員
彩虹島物語,z0****99,2020-04-29 15:13:56,資料異常,請洽客服人員
彩虹島物語,z0****95,2020-04-29 15:13:56,資料異常,請洽客服人員
彩虹島物語,z0****71,2020-04-29 15:13:56,資料異常,請洽客服人員
彩虹島物語,z0****61,2020-04-29 15:13:56,資料異常,請洽客服人員
彩虹島物語,z0****42,2020-04-29 15:13:56,資料異常,請洽客服人員
彩虹島物語,qq****01,2020-04-29 15:13:56,資料異常,請洽客服人員
彩虹島物語,wa****69,2020-04-29 15:13:56,資料異常,請洽客服人員
彩虹島物語,pi*****34,2020-04-29 15:13:56,資料異常,請洽客服人員
彩虹島物語,Lc*****12,2020-04-29 15:13:56,資料異常,請洽客服人員
彩虹島物語,zi*******11,2020-04-29 15:13:56,資料異常,請洽客服人員
彩虹島物語,fj*******58,2020-04-29 15:13:56,資料異常,請洽客服人員
彩虹島物語,vm****04,2020-04-29 15:13:56,資料異常,請洽客服人員
彩虹島物語,qw*******27,2020-04-29 15:13:56,資料異常,請洽客服人員
彩虹島物語,aa*****aa,2020-04-29 15:10:30,資料異常,請洽客服人員
彩虹島物語,et****19,2020-04-29 15:10:30,資料異常,請洽客服人員
彩虹島物語,ya*****ve,2020-04-29 15:10:30,資料異常,請洽客服人員
彩虹島物語,wl******82,2020-04-29 15:10:30,資料異常,請洽客服人員
彩虹島物語,qa****64,2020-04-29 15:10:30,資料異常,請洽客服人員
彩虹島物語,ga****10,2020-04-29 15:10:30,資料異常,請洽客服人員
彩虹島物語,s2****18,2020-04-29 15:10:30,資料異常,請洽客服人員
彩虹島物語,as***30,2020-04-29 15:10:30,資料異常,請洽客服人員
彩虹島物語,to******ny,2020-04-29 15:10:30,資料異常,請洽客服人員
彩虹島物語,si*******61,2020-04-29 15:10:30,資料異常,請洽客服人員
彩虹島物語,sd*****86,2020-04-29 15:10:30,資料異常,請洽客服人員
彩虹島物語,lo******45,2020-04-29 15:10:30,資料異常,請洽客服人員
彩虹島物語,ha****fu,2020-04-29 15:10:30,資料異常,請洽客服人員
彩虹島物語,cl*****22,2020-04-29 15:10:30,資料異常,請洽客服人員
彩虹島物語,ba****lp,2020-04-29 15:10:30,資料異常,請洽客服人員
彩虹島物語,ok*****os,2020-04-29 15:10:30,資料異常,請洽客服人員
彩虹島物語,c0******32,2020-04-29 15:10:30,資料異常,請洽客服人員
彩虹島物語,al****um,2020-04-29 15:10:30,資料異常,請洽客服人員
彩虹島物語,lo******55,2020-04-29 15:10:30,資料異常,請洽客服人員
彩虹島物語,r7****20,2020-04-29 15:10:30,資料異常,請洽客服人員
彩虹島物語,qw*******67,2020-04-29 15:10:30,資料異常,請洽客服人員
彩虹島物語,sa****ng,2020-04-29 15:10:30,資料異常,請洽客服人員
彩虹島物語,ke*****19,2020-04-29 15:10:30,資料異常,請洽客服人員
彩虹島物語,po********13,2020-04-29 15:10:30,資料異常,請洽客服人員
彩虹島物語,fa******ca,2020-04-29 15:10:30,資料異常,請洽客服人員
彩虹島物語,gc******46,2020-04-29 15:10:30,資料異常,請洽客服人員
彩虹島物語,sd*****26,2020-04-29 15:10:30,資料異常,請洽客服人員
彩虹島物語,as****97,2020-04-29 15:10:30,資料異常,請洽客服人員
彩虹島物語,sm********ss,2020-04-29 15:10:30,資料異常,請洽客服人員
彩虹島物語,zx******uy,2020-04-29 15:10:30,資料異常,請洽客服人員
彩虹島物語,MI******64,2020-04-29 15:10:29,資料異常,請洽客服人員
彩虹島物語,ca****29,2020-04-29 15:10:29,資料異常,請洽客服人員
彩虹島物語,bb****57,2020-04-29 15:10:29,資料異常,請洽客服人員
彩虹島物語,jl****39,2020-04-29 15:10:29,資料異常,請洽客服人員
彩虹島物語,b2****74,2020-04-29 15:10:29,資料異常,請洽客服人員
彩虹島物語,e0***21,2020-04-29 15:10:29,資料異常,請洽客服人員
彩虹島物語,ju******76,2020-04-29 15:10:29,資料異常,請洽客服人員
彩虹島物語,pa*****es,2020-04-29 15:10:29,資料異常,請洽客服人員
彩虹島物語,rm*******ek,2020-04-29 15:10:29,資料異常,請洽客服人員
彩虹島物語,as*********15,2020-04-29 15:10:29,資料異常,請洽客服人員
彩虹島物語,aa****16,2020-04-29 15:10:29,資料異常,請洽客服人員
彩虹島物語,gg*******66,2020-04-29 15:10:29,資料異常,請洽客服人員
彩虹島物語,ac***hk,2020-04-29 15:10:29,資料異常,請洽客服人員
彩虹島物語,xu****90,2020-04-29 15:10:29,資料異常,請洽客服人員
彩虹島物語,as****20,2020-04-29 15:10:29,資料異常,請洽客服人員
彩虹島物語,si***he,2020-04-29 15:10:29,資料異常,請洽客服人員
彩虹島物語,an****23,2020-04-29 15:10:29,資料異常,請洽客服人員
彩虹島物語,q7****2q,2020-04-29 15:10:29,資料異常,請洽客服人員
彩虹島物語,s9***45,2020-04-29 15:10:29,資料異常,請洽客服人員
彩虹島物語,sb******ny,2020-04-29 15:10:29,資料異常,請洽客服人員
彩虹島物語,v0*******55,2020-04-29 15:10:29,資料異常,請洽客服人員
彩虹島物語,ja*****25,2020-04-29 15:10:29,資料異常,請洽客服人員
彩虹島物語,br****ku,2020-04-29 15:10:29,資料異常,請洽客服人員
彩虹島物語,gn******00,2020-04-29 15:10:29,資料異常,請洽客服人員
彩虹島物語,s0******91,2020-04-29 15:10:29,資料異常,請洽客服人員
彩虹島物語,ke*****53,2020-04-29 15:10:29,資料異常,請洽客服人員
彩虹島物語,ch****s0,2020-04-29 15:10:29,資料異常,請洽客服人員
彩虹島物語,kw*nd,2020-04-29 15:10:29,資料異常,請洽客服人員
彩虹島物語,ra***ky,2020-04-29 15:10:29,資料異常,請洽客服人員
彩虹島物語,wa*******33,2020-04-29 15:10:29,資料異常,請洽客服人員
彩虹島物語,z3****05,2020-04-29 15:01:36,資料異常,請洽客服人員
彩虹島物語,a3****26,2020-04-29 15:01:36,資料異常,請洽客服人員
彩虹島物語,pe******00,2020-04-29 15:01:36,資料異常,請洽客服人員
彩虹島物語,bi*****21,2020-04-29 15:01:36,資料異常,請洽客服人員
彩虹島物語,st******90,2020-04-29 15:01:35,資料異常,請洽客服人員
彩虹島物語,lk****60,2020-04-29 15:01:35,資料異常,請洽客服人員
彩虹島物語,xi***25,2020-04-29 15:01:35,資料異常,請洽客服人員
彩虹島物語,ji*********06,2020-04-29 15:01:35,資料異常,請洽客服人員
彩虹島物語,an***80,2020-04-29 15:01:35,資料異常,請洽客服人員
彩虹島物語,jo*****35,2020-04-29 15:01:35,資料異常,請洽客服人員
彩虹島物語,ll******23,2020-04-29 15:01:35,資料異常,請洽客服人員
彩虹島物語,fs********01,2020-04-29 15:01:35,資料異常,請洽客服人員
彩虹島物語,p0**********99,2020-04-29 15:01:35,資料異常,請洽客服人員
彩虹島物語,aa****30,2020-04-29 15:01:35,資料異常,請洽客服人員
彩虹島物語,ar****15,2020-04-29 15:01:35,資料異常,請洽客服人員
彩虹島物語,zz****12,2020-04-29 15:01:35,資料異常,請洽客服人員
彩虹島物語,a0*******45,2020-04-29 15:01:35,資料異常,請洽客服人員
彩虹島物語,aa****49,2020-04-29 15:01:35,資料異常,請洽客服人員
彩虹島物語,zx*****58,2020-04-29 15:01:35,資料異常,請洽客服人員
彩虹島物語,tr*******87,2020-04-29 15:01:35,資料異常,請洽客服人員
彩虹島物語,mm****99,2020-04-29 15:01:35,資料異常,請洽客服人員
彩虹島物語,bo******11,2020-04-29 15:01:35,資料異常,請洽客服人員
彩虹島物語,09******23,2020-04-29 15:01:35,資料異常,請洽客服人員
彩虹島物語,ai****00,2020-04-29 15:01:34,資料異常,請洽客服人員
彩虹島物語,l2*****35,2020-04-29 15:01:34,資料異常,請洽客服人員
彩虹島物語,pc**3q,2020-04-29 15:01:34,資料異常,請洽客服人員
彩虹島物語,zz*****22,2020-04-29 15:01:34,資料異常,請洽客服人員
彩虹島物語,a5****01,2020-04-29 15:01:34,資料異常,請洽客服人員
彩虹島物語,ja****14,2020-04-29 15:01:34,資料異常,請洽客服人員
彩虹島物語,He********94,2020-04-29 15:01:34,資料異常,請洽客服人員
彩虹島物語,je*******10,2020-04-29 15:01:34,資料異常,請洽客服人員
彩虹島物語,ko*******23,2020-04-29 15:01:34,資料異常,請洽客服人員
彩虹島物語,UY****88,2020-04-29 15:01:34,資料異常,請洽客服人員
彩虹島物語,k1**89,2020-04-29 15:01:34,資料異常,請洽客服人員
彩虹島物語,ne***eh,2020-04-29 15:01:34,資料異常,請洽客服人員
彩虹島物語,kk*****om,2020-04-29 15:01:34,資料異常,請洽客服人員
彩虹島物語,t4**15,2020-04-29 15:01:34,資料異常,請洽客服人員
彩虹島物語,za******08,2020-04-29 15:01:34,資料異常,請洽客服人員
彩虹島物語,xh***56,2020-04-29 15:01:34,資料異常,請洽客服人員
彩虹島物語,ya****30,2020-04-29 15:01:34,資料異常,請洽客服人員
彩虹島物語,ab****40,2020-04-29 15:01:34,資料異常,請洽客服人員
彩虹島物語,t0*******61,2020-04-29 15:01:34,資料異常,請洽客服人員
彩虹島物語,si*******05,2020-04-29 15:01:34,資料異常,請洽客服人員
彩虹島物語,sh******99,2020-04-29 15:01:34,資料異常,請洽客服人員
彩虹島物語,li*****23,2020-04-29 15:01:34,資料異常,請洽客服人員
彩虹島物語,ha****61,2020-04-29 15:01:27,資料異常,請洽客服人員
彩虹島物語,wi******23,2020-04-29 15:01:27,資料異常,請洽客服人員
彩虹島物語,st******55,2020-04-29 15:01:27,資料異常,請洽客服人員
彩虹島物語,ze******84,2020-04-29 15:01:27,資料異常,請洽客服人員
彩虹島物語,gn******37,2020-04-29 15:01:27,資料異常,請洽客服人員
彩虹島物語,ko****78,2020-04-29 15:01:27,資料異常,請洽客服人員
彩虹島物語,c1******63,2020-04-29 15:01:27,資料異常,請洽客服人員
彩虹島物語,yo********99,2020-04-29 15:01:27,資料異常,請洽客服人員
彩虹島物語,sl*******14,2020-04-29 15:01:27,資料異常,請洽客服人員
彩虹島物語,ka*******49,2020-04-29 15:01:26,資料異常,請洽客服人員
彩虹島物語,si****56,2020-04-29 15:01:26,資料異常,請洽客服人員
彩虹島物語,ne******22,2020-04-29 15:01:26,資料異常,請洽客服人員
彩虹島物語,a7*****21,2020-04-29 15:01:26,資料異常,請洽客服人員
彩虹島物語,gh*****53,2020-04-29 15:01:26,資料異常,請洽客服人員
彩虹島物語,x8****15,2020-04-29 15:01:26,資料異常,請洽客服人員
彩虹島物語,qw******54,2020-04-29 15:01:25,資料異常,請洽客服人員
彩虹島物語,id***32,2020-04-29 15:01:25,資料異常,請洽客服人員
彩虹島物語,gt*****86,2020-04-29 15:01:25,資料異常,請洽客服人員
彩虹島物語,ts******87,2020-04-29 15:01:25,資料異常,請洽客服人員
彩虹島物語,dd*****16,2020-04-29 15:01:25,資料異常,請洽客服人員
彩虹島物語,jo*****21,2020-04-29 15:01:25,資料異常,請洽客服人員
彩虹島物語,qa******az,2020-04-29 15:01:25,資料異常,請洽客服人員
彩虹島物語,z5****68,2020-04-29 15:01:25,資料異常,請洽客服人員
彩虹島物語,hq***08,2020-04-29 15:01:25,資料異常,請洽客服人員
彩虹島物語,a1******25,2020-04-29 15:01:25,資料異常,請洽客服人員
彩虹島物語,aa******18,2020-04-29 15:01:25,資料異常,請洽客服人員
彩虹島物語,h8*****lo,2020-04-29 15:01:25,資料異常,請洽客服人員
彩虹島物語,a5*****41,2020-04-29 15:01:25,資料異常,請洽客服人員
彩虹島物語,ti********00,2020-04-29 15:01:25,資料異常,請洽客服人員
彩虹島物語,qw*******50,2020-04-29 15:01:25,資料異常,請洽客服人員
彩虹島物語,ke*******35,2020-04-29 15:01:22,資料異常,請洽客服人員
彩虹島物語,ka********89,2020-04-29 15:01:22,資料異常,請洽客服人員
彩虹島物語,er****11,2020-04-29 15:01:22,資料異常,請洽客服人員
彩虹島物語,er*******00,2020-04-29 15:01:22,資料異常,請洽客服人員
彩虹島物語,fi******33,2020-04-29 15:01:22,資料異常,請洽客服人員
彩虹島物語,rm*******70,2020-04-29 15:01:22,資料異常,請洽客服人員
彩虹島物語,hs*****ng,2020-04-29 15:01:22,資料異常,請洽客服人員
彩虹島物語,ph****ch,2020-04-29 15:01:22,資料異常,請洽客服人員
彩虹島物語,ab*****01,2020-04-29 15:01:22,資料異常,請洽客服人員
彩虹島物語,on****us,2020-04-29 15:01:22,資料異常,請洽客服人員
彩虹島物語,rs******06,2020-04-29 15:01:22,資料異常,請洽客服人員
彩虹島物語,ye****57,2020-04-29 15:01:22,資料異常,請洽客服人員
彩虹島物語,on*******20,2020-04-29 15:01:22,資料異常,請洽客服人員
彩虹島物語,tw****52,2020-04-29 15:01:22,資料異常,請洽客服人員
彩虹島物語,as******46,2020-04-29 15:01:22,資料異常,請洽客服人員
彩虹島物語,sa*******63,2020-04-29 15:01:19,資料異常,請洽客服人員
彩虹島物語,s0*******56,2020-04-29 15:01:19,資料異常,請洽客服人員
彩虹島物語,st********30,2020-04-29 15:01:19,資料異常,請洽客服人員
彩虹島物語,e8***14,2020-04-29 15:01:19,資料異常,請洽客服人員
彩虹島物語,re******01,2020-04-29 15:01:19,資料異常,請洽客服人員
彩虹島物語,je********21,2020-04-29 15:01:19,資料異常,請洽客服人員
彩虹島物語,mo******24,2020-04-29 15:01:19,資料異常,請洽客服人員
彩虹島物語,sn******01,2020-04-29 15:01:19,資料異常,請洽客服人員
彩虹島物語,a4*****80,2020-04-29 15:01:19,資料異常,請洽客服人員
彩虹島物語,so****99,2020-04-29 15:01:19,資料異常,請洽客服人員
彩虹島物語,wi*****21,2020-04-29 15:01:18,資料異常,請洽客服人員
彩虹島物語,lu*******99,2020-04-29 15:01:18,資料異常,請洽客服人員
彩虹島物語,as*****87,2020-04-29 15:01:18,資料異常,請洽客服人員
彩虹島物語,sa*****12,2020-04-29 15:01:18,資料異常,請洽客服人員
彩虹島物語,gn******02,2020-04-29 15:01:18,資料異常,請洽客服人員
彩虹島物語,hs*****78,2020-04-29 15:01:18,資料異常,請洽客服人員
彩虹島物語,j2***03,2020-04-29 15:01:18,資料異常,請洽客服人員
彩虹島物語,ch********03,2020-04-29 15:01:18,資料異常,請洽客服人員
彩虹島物語,aa*****43,2020-04-29 15:01:18,資料異常,請洽客服人員
彩虹島物語,gn******66,2020-04-29 15:01:18,資料異常,請洽客服人員
彩虹島物語,om***ss,2020-04-29 15:01:18,資料異常,請洽客服人員
彩虹島物語,zp**97,2020-04-29 15:01:18,資料異常,請洽客服人員
彩虹島物語,ia*******01,2020-04-29 15:01:18,資料異常,請洽客服人員
彩虹島物語,s8*****47,2020-04-29 15:01:18,資料異常,請洽客服人員
彩虹島物語,s5****62,2020-04-29 15:01:18,資料異常,請洽客服人員
彩虹島物語,54*****an,2020-04-29 15:01:18,資料異常,請洽客服人員
彩虹島物語,lo******20,2020-04-29 15:01:18,資料異常,請洽客服人員
彩虹島物語,ba***56,2020-04-29 15:01:18,資料異常,請洽客服人員
彩虹島物語,ne*********84,2020-04-29 15:01:18,資料異常,請洽客服人員
彩虹島物語,qw****12,2020-04-29 15:01:18,資料異常,請洽客服人員
彩虹島物語,tr*****35,2020-04-29 15:01:17,資料異常,請洽客服人員
彩虹島物語,03******72,2020-04-29 15:01:17,資料異常,請洽客服人員
彩虹島物語,a7*****95,2020-04-29 15:01:17,資料異常,請洽客服人員
彩虹島物語,cs****ck,2020-04-29 15:01:17,資料異常,請洽客服人員
彩虹島物語,zx*****35,2020-04-29 15:01:17,資料異常,請洽客服人員
彩虹島物語,ja********05,2020-04-29 15:01:17,資料異常,請洽客服人員
彩虹島物語,J5****88,2020-04-29 15:01:17,資料異常,請洽客服人員
彩虹島物語,a0*******60,2020-04-29 15:01:17,資料異常,請洽客服人員
彩虹島物語,ss*****30,2020-04-29 15:01:17,資料異常,請洽客服人員
彩虹島物語,a5*******55,2020-04-29 15:01:17,資料異常,請洽客服人員
彩虹島物語,f1*******36,2020-04-29 15:01:17,資料異常,請洽客服人員
彩虹島物語,s1*******26,2020-04-29 15:01:17,資料異常,請洽客服人員
彩虹島物語,my*****80,2020-04-29 15:01:17,資料異常,請洽客服人員
彩虹島物語,gn******42,2020-04-29 15:01:17,資料異常,請洽客服人員
彩虹島物語,bi********79,2020-04-29 15:01:17,資料異常,請洽客服人員
彩虹島物語,sr***25,2020-04-29 15:01:12,資料異常,請洽客服人員
彩虹島物語,ye*******22,2020-04-29 15:01:12,資料異常,請洽客服人員
彩虹島物語,gh******33,2020-04-29 15:01:12,資料異常,請洽客服人員
彩虹島物語,sc****wx,2020-04-29 15:01:12,資料異常,請洽客服人員
彩虹島物語,ch********sd,2020-04-29 15:01:12,資料異常,請洽客服人員
彩虹島物語,ab******46,2020-04-29 15:01:12,資料異常,請洽客服人員
彩虹島物語,a0*******06,2020-04-29 15:01:12,資料異常,請洽客服人員
彩虹島物語,la******14,2020-04-29 15:01:12,資料異常,請洽客服人員
彩虹島物語,ad******87,2020-04-29 15:01:12,資料異常,請洽客服人員
彩虹島物語,pe****08,2020-04-29 15:01:12,資料異常,請洽客服人員
彩虹島物語,hu******81,2020-04-29 15:01:12,資料異常,請洽客服人員
彩虹島物語,ko****00,2020-04-29 15:01:12,資料異常,請洽客服人員
彩虹島物語,dr****ts,2020-04-29 15:01:11,資料異常,請洽客服人員
彩虹島物語,th***25,2020-04-29 15:01:11,資料異常,請洽客服人員
彩虹島物語,ca*****86,2020-04-29 15:01:11,資料異常,請洽客服人員
彩虹島物語,qq********09,2020-04-29 15:01:11,資料異常,請洽客服人員
彩虹島物語,h8****11,2020-04-29 15:01:11,資料異常,請洽客服人員
彩虹島物語,ke*******03,2020-04-29 15:01:11,資料異常,請洽客服人員
彩虹島物語,th***16,2020-04-29 15:01:11,資料異常,請洽客服人員
彩虹島物語,sm*******27,2020-04-29 15:01:11,資料異常,請洽客服人員
彩虹島物語,xp****10,2020-04-29 15:01:11,資料異常,請洽客服人員
彩虹島物語,qq****23,2020-04-29 15:01:11,資料異常,請洽客服人員
彩虹島物語,no****6f,2020-04-29 15:01:11,資料異常,請洽客服人員
彩虹島物語,a3****10,2020-04-29 15:01:11,資料異常,請洽客服人員
彩虹島物語,ak******10,2020-04-29 15:01:11,資料異常,請洽客服人員
彩虹島物語,gr*******30,2020-04-29 15:01:11,資料異常,請洽客服人員
彩虹島物語,qw****26,2020-04-29 15:01:11,資料異常,請洽客服人員
彩虹島物語,k3***87,2020-04-29 15:01:11,資料異常,請洽客服人員
彩虹島物語,lo******21,2020-04-29 15:01:11,資料異常,請洽客服人員
彩虹島物語,be******05,2020-04-29 15:01:11,資料異常,請洽客服人員
