ID,_Map,_Name,_type
1,00-00,監獄,Single
2,00-01,OX猜謎房,Single
3,00-02,獨自逃脫的牆,Single
4,00-03,白色房間,Single
5,00-04,黑色房間,Single
6,00-05,藍色房間,Single
7,00-06,深海準備,Single
8,00-07,深海的戰鬥,Single
9,00-08,深海的小章魚房間,Single
10,01-00,新手修練場1,Safety zone
11,01-01,新手修練場2,Safety zone
12,01-02,神秘森林,Safety zone
13,01-03,貝羅斯都市,Safety zone
14,02-00,貝羅斯都市,Safety zone
15,02-01,貝羅斯酒館,Safety zone
16,02-02,貝希摩斯巷道,Safety zone
17,02-03,羅馬競技場大廳,Safety zone
18,02-04,兔女郎的活動,Safety zone
19,02-05,貝羅斯都市,Safety zone
20,03-00,山林地帶1,Field
21,03-01,山林地帶2,Field
22,03-02,山林地帶2,Field
23,04-00,冥王神殿1,Field
24,04-01,冥王神殿2,Field
25,04-02,冥王神殿2層,Field
26,04-03,冥王神殿1層,Safety zone
27,05-00,原野地帶1,Field
28,05-01,原野地帶2,Field
29,06-00,艾利亞斯都市,Safety zone
30,06-01,艾利亞斯王宮,Safety zone
31,06-02,王宮內部,Safety zone
32,06-03,王宮守衛室,Safety zone
33,06-04,自由市場,Safety zone
34,06-05,精品商店,Safety zone
35,06-06,艾利亞斯機場,Safety zone
36,06-07,格鬥場,Safety zone
37,06-08,餐廳,Safety zone
38,06-09,美妝店,Safety zone
39,06-10,鬼怪山入口,Safety zone
40,06-11,貝勒翰之橋,Safety zone
41,06-12,陰森村莊入口,Safety zone
42,07-00,賽蕾斯的神殿1,Safety zone
43,07-01,賽蕾斯的神殿2,Safety zone
44,07-02,賽蕾斯的神殿3,Safety zone
45,07-03,賽蕾斯的神殿4,Safety zone
46,07-04,賽蕾斯的神殿5,Safety zone
47,07-05,賽蕾斯的神殿6,Safety zone
48,08-00,飛行中的機艙內,Safety zone
49,09-00,屍速彩虹島入場等候室,Safety zone
50,09-01,屍速彩虹島獎勵房,Safety zone
51,09-02,萬聖節迷宮選擇房間,Safety zone
52,09-03,萬聖節迷宮等候室,Safety zone
53,09-04,艱難的尋路,Safety zone
54,09-05,怒懼,Safety zone
55,09-06,懼,Safety zone
56,09-07,屍速彩虹島,Safety zone
57,09-08,Game2 - 甩開激進粉絲大廳,Safety zone
58,09-09,Game2 - 甩開激進粉絲,Safety zone
59,10-00,足球場,Safety zone
60,10-01,彩球,Safety zone
61,10-02,[活動] 足球場,Safety zone
62,10-03,彩虹島露天運動場,Safety zone
63,10-04,輔助競技場,Safety zone
64,10-05,彩球2,Safety zone
65,11,螞蟻洞窟,Safety zone
66,12-00,紅高粱地1,Field
67,12-01,紅高粱地2,Field
68,12-02,紅高粱地2,Field
69,12-03,紅高粱地2,Field
70,13-00,地下洞窟,Field
71,14-00,地下暗渠入口,Safety zone
72,14-01,地下暗渠區域1,Field
73,14-02,地下暗渠區域2,Field
74,14-03,Game4 - 第1名才是我的世界等候室,Safety zone
75,14-04,Game4 - 第1名才是我的世界,Safety zone
76,14-05,Game4 - 第1名才是我的世界第1名獎勵房,Safety zone
77,14-06,Game4 - 第1名才是我的世界獎勵房,Safety zone
78,15-00,黑月城1,Field
79,15-01,黑月城2,Field
80,15-02,黑月城3,Field
81,15-03,黑月城4,Field
82,15-04,黑月城5,Field
83,15-05,回憶旅行,Field
84,16-00,貝斯雪原,Field
85,16-01,雷弗利治雪原,Field
86,16-02,史波萊諾雪原,Field
87,16-03,貝勒翰之橋,Safety zone
88,16-04,溫泉男湯,Safety zone
89,16-05,溫泉女湯,Safety zone
90,16-06,雪狸貓溫泉,Safety zone
91,16-07,gm莫迪的冬日溫泉,Safety zone
92,16-08,NAVER極速上升溫泉湯,Safety zone
93,16-09,活動森林浴,Safety zone
94,17-00,阿法都市,Safety zone
95,17-01,阿法都市港口,Safety zone
96,17-02,戰鬥用品店,Safety zone
97,17-03,餐廳,Safety zone
98,18-00,金字塔1,Field
99,18-01,金字塔2,Field
100,18-02,金字塔3,Field
101,18-03,金字塔4,Field
102,18-04,金字塔5,Field
103,19-00,龍京都市,Safety zone
104,19-01,龍京酒館,Safety zone
105,19-02,龍京酒館客房,Safety zone
106,19-03,老虎寺關口,Safety zone
107,19-04,老虎寺關口,Safety zone
108,19-05,龍京都市,Safety zone
109,19-06,龍京酒館客房,Safety zone
110,20-00,奧亦奇都市,Safety zone
111,21-00,山嶽地帶1,Field
112,21-01,山嶽地帶2,Field
113,21-02,偽造數據,Field
114,21-03,山嶽洞窟3,Field
115,21-04,山嶽洞窟4,Field
116,21-05,山嶽洞窟1,Field
117,21-06,山嶽洞窟2,Field
118,21-07,山嶽休息地,Safety zone
119,21-08,我是落地之王,Field
120,21-09,冬季Jump,Field
121,22-00,偽造數據,Field
122,22-01,偽造數據,Field
123,22-02,阿爾卡笛亞2,Field
124,22-03,阿爾卡笛亞3,Field
125,22-04,阿爾卡笛亞1,Field
126,23-00,櫻樹湖畔1,Field
127,23-01,偽造數據,Field
128,23-02,偽造數據,Field
129,23-03,櫻樹湖畔2,Field
130,23-04,偽造數據,Field
131,23-05,櫻樹湖畔3,Field
132,24-00,沙漠地帶1,Field
133,24-01,沙漠地帶5,Field
134,24-02,沙漠地帶2,Field
135,24-03,沙漠地帶4,Field
136,24-04,沙漠地帶6,Field
137,24-05,沙漠地帶3,Field
138,24-06,???? ??,Field
139,25-00,山林礦場1層,Field
140,25-01,山林礦場2層,Field
141,25-02,山林礦場3層,Field
142,25-03,山林礦場4層,Field
143,25-04,山林礦場5層,Field
144,25-05,山林礦場6層,Field
145,25-06,山林礦場7層,Field
146,25-07,山林礦場8層,Field
147,26-00,影子之書1,PARTY
148,26-01,影子之書2,PARTY
149,26-02,影子之書3,PARTY
150,26-03,影子之書4,PARTY
151,26-04,影子之書5,PARTY
152,26-05,影子之書6,PARTY
153,26-06,影子之書7,PARTY
154,27-00,[偽造數據],Safety zone
155,28-00,[偽造數據],Safety zone
156,29-00,[偽造數據],Safety zone
157,30-00,黑暗森林1,Field
158,30-01,黑暗森林2,Field
159,30-02,黑暗森林3,Field
160,30-03,黑暗森林4,Field
161,30-04,黑暗森林5,Field
162,31-00,陰森住宅庭園,Safety zone
163,31-01,陰森住宅1,Field
164,31-02,陰森住宅2,Field
165,31-03,陰森住宅3,Field
166,31-04,陰森住宅4,Field
167,31-05,陰森住宅5,Field
168,31-06,陰森住宅6,Field
169,31-07,萬聖節活動庭園,Safety zone
170,31-08,和彩虹島一起歡度萬聖節,Safety zone
171,32-00,黑月城監獄,Safety zone
172,32-01,鬼魂的地盤,Safety zone
173,32-02,哥布林地盤,Safety zone
174,32-03,醜頭怪世界,Safety zone
175,33-00,奧爾卡海邊1,Field
176,33-01,奧爾卡海邊2,Field
177,33-02,奧爾卡海邊3,Field
178,33-03,奧爾卡海邊4,Field
179,33-04,奧爾卡海邊5,Field
180,33-05,以熱治熱海邊,Field
181,34-00,萬聖節活動,Safety zone
182,35-00,爬呀爬大樹,Field
183,35-01,爬呀爬花瓣,Field
184,35-02,爬呀爬花瓣,Field
185,35-03,路在哪裡啊,Safety zone
186,35-04,路在哪裡啊,Safety zone
187,36-00,超級瑪琍大廳,Safety zone
188,36-01,超級瑪琍Level 1,Safety zone
189,36-02,超級瑪琍Level 2,Safety zone
190,36-03,超級瑪琍Level 3,Safety zone
191,36-04,超級瑪琍Level 4,Safety zone
192,36-05,超級瑪琍Level 5,Safety zone
193,36-06,超級瑪琍Level 6,Safety zone
194,36-07,超級瑪琍Level 7,Safety zone
195,36-08,超級瑪琍,Safety zone
196,36-09,超級瑪琍,Safety zone
197,36-10,超級瑪琍,Safety zone
198,36-11,超級瑪琍,Safety zone
199,36-12,教師節的顛倒超級瑪琍,Safety zone
200,36-13,教師節的顛倒超級瑪琍,Safety zone
201,36-14,教師節的顛倒超級瑪琍,Safety zone
202,36-15,教師節的顛倒超級瑪琍,Safety zone
203,36-16,超級瑪琍2-2,Field
204,36-17,超級瑪琍2-1,Safety zone
205,36-18,超級瑪琍2-3,Safety zone
206,36-19,超級瑪琍2-4,Safety zone
207,36-20,超級瑪琍大廳2,Safety zone
208,37-00,貝斯都市,Safety zone
209,37-01,戰鬥用品店,Safety zone
210,37-02,餐廳,Safety zone
211,37-03,貝斯港口,Safety zone
212,38-00,雨林地帶1,Field
213,38-01,雨林地帶2,Field
214,38-02,雨林地帶5,Field
215,38-03,雨林地帶3,Field
216,38-04,雨林地帶6,Field
217,38-05,雨林地帶4,Field
218,38-06,雨林冒險,Field
219,39-00,克杜卡遺址1,Field
220,39-01,克杜卡遺址2,Field
221,39-02,克杜卡遺址3,Field
222,39-03,克杜卡遺址4,Field
223,39-04,克杜卡遺址5,Field
224,39-05,克杜卡遺址6,Field
225,39-06,克杜卡休息地,Safety zone
226,40-00,克杜卡心臟,Field
227,40-01,克杜卡遺址地下,Field
228,40-02,克杜卡遺址地下,Field
229,40-03,克杜卡遺址地下,Field
230,41-00,春植隧道區域1,Field
231,41-01,春植隧道區域2,Field
232,41-02,春植隧道區域3,Field
233,41-03,春植隧道區域4,Field
234,42-00,春植島1,Field
235,42-01,春植島4,Field
236,42-02,春植島5,Field
237,42-03,春植島2,Field
238,42-04,春植島3,Field
239,42-05,春植島休息地,Safety zone
240,42-06,用腳踢,Single
241,43-00,貓頭鷹城1,Field
242,43-01,貓頭鷹城2,Field
243,43-02,貓頭鷹城3,Field
244,43-03,貓頭鷹城4,Field
245,43-04,貓頭鷹城5,Field
246,43-05,貓頭鷹城6,Field
247,43-06,貓頭鷹城7,Field
248,43-07,貓頭鷹城8,Field
249,44-00,醜頭怪巢穴入口,Safety zone
250,44-01,醜頭怪巢穴入口,Safety zone
251,44-02,聖誕快樂,Safety zone
252,45-00,幽靈海盜船1,Field
253,45-01,幽靈海盜船2,Field
254,45-02,幽靈海盜船3,Field
255,45-03,幽靈海盜船5,Field
256,45-04,幽靈海盜船4,Field
257,45-05,幽靈海盜船6,Field
258,45-06,殺人鯨號,Safety zone
259,45-07,彩虹島世界幽靈船,Field
260,45-08,幽靈之家等候室,Field
261,46-00,[偽造數據],Safety zone
262,47-00,古木森林1,Field
263,47-01,古木森林2,Field
264,47-02,古木森林2,Field
265,47-03,古木森林4,Field
266,47-04,[活動] 古木森林,Field
267,48-00,列車機房,Field
268,48-01,列車煤炭車廂,Field
269,48-02,列車餐廳車廂,Field
270,48-03,列車客房,Field
271,48-04,列車機房,Field
272,49-00,火車站,Safety zone
273,50-00,兔女郎的活動,Safety zone
274,50-01,暢快俱樂部,Safety zone
275,50-02,暢快俱樂部2,Safety zone
276,50-03,Game5 - 可以忍受的誘惑等候室,Safety zone
277,50-04,Game5 - 可以忍受的誘惑,Safety zone
278,50-05,Game5 - 可以忍受的誘惑獎勵房,Safety zone
279,51-00,水晶礦場,Safety zone
280,52-00,蛇龍巢穴1,PARTY
281,52-01,蛇龍巢穴2,PARTY
282,52-02,蛇龍巢穴3,PARTY
283,52-03,蛇龍巢穴4,PARTY
284,52-04,蛇龍巢穴5,PARTY
285,52-05,蛇龍巢穴深處,PARTY
286,52-06,蛇龍巢穴深處,PARTY
287,52-07,蛇龍巢穴深處,PARTY
288,52-08,蛇龍巢穴,PARTY
289,53-00,史前村莊,Safety zone
290,53-01,薩勒斯原野1,Field
291,53-02,薩勒斯原野2,Field
292,53-03,薩勒斯原野3,Field
293,53-04,薩勒斯原野4,Field
294,53-05,薩勒斯森林1,Field
295,53-06,薩勒斯森林2,Field
296,53-07,偷取寶物的哥布林住所,Safety zone
297,54-00,貝希摩斯肚子1,Field
298,54-01,貝希摩斯肚子2,Field
299,54-02,貝希摩斯肚子3,Field
300,54-03,貝希摩斯肚子4,Field
301,54-04,貝希摩斯肚子5,Field
302,54-05,貝希摩斯肚子6,Field
303,55-00,奧利佛海邊,Field
304,55-01,奧利佛森林,Field
305,55-02,奧利佛高速公路,Field
306,56-00,奧利佛都市,Field
307,57-00,飛艇城下層,Field
308,57-01,飛艇城上層,Field
309,57-02,?M ??? ?,Safety zone
310,58-00,餅乾花園1,Field
311,58-01,餅乾花園2,Field
312,58-02,餅乾花園3,Field
313,58-03,餅乾花園6,Field
314,58-04,餅乾花園5,Field
315,58-05,餅乾花園4,Field
316,58-06,2017年蛋糕滿滿,Field
317,59-00,中立公會房間,guild
318,60-00,極地迷宮1,PARTY
319,60-01,極地迷宮2,PARTY
320,60-02,極地迷宮3,PARTY
321,60-03,極地迷宮4,PARTY
322,60-04,極地迷宮5,PARTY
323,60-05,極地迷宮6,PARTY
324,60-06,極地迷宮7,PARTY
325,60-07,極地迷宮8,PARTY
326,60-08,極地迷宮9,PARTY
327,60-09,極地迷宮5,PARTY
328,60-10,極地迷宮5,PARTY
329,61-00,香格里拉1,PARTY
330,61-01,香格里拉2,PARTY
331,61-02,香格里拉3,PARTY
332,61-03,香格里拉4,PARTY
333,61-04,香格里拉5,PARTY
334,61-05,香格里拉玄武房,PARTY
335,62-00,哥德房屋,PARTY
336,62-01,哥德房屋,PARTY
337,62-02,哥德房屋,PARTY
338,63-00,十六日的月1,PARTY
339,63-01,十六日的月2,PARTY
340,63-02,十六日的黑月,PARTY
341,63-03,十六日的黑月,PARTY
342,63-04,十六日的黑月,PARTY
343,63-05,十六日的黑月,PARTY
344,63-06,十六日的黑月,PARTY
345,63-07,十六日的黑月,PARTY
346,63-08,十六日的黑月,PARTY
347,63-09,十六日的黑月,PARTY
348,64-00,金字塔墓室1,PARTY
349,64-01,金字塔墓室2,PARTY
350,64-02,金字塔墓室3,PARTY
351,64-03,金字塔墓室4,PARTY
352,64-04,人面獅身像房間,PARTY
353,64-05,寶物倉庫,PARTY
354,64-06,尋寶紅綠燈,Field
355,64-07,找到寶物了！,Field
356,64-08,黃金宮殿1,Field
357,64-09,黃金宮殿2,Field
358,64-10,黃金宮殿3,Field
359,64-11,尋寶紅綠燈等候,Field
360,65-00,已冷卻的心臟1,PARTY
361,65-01,已冷卻的心臟2,PARTY
362,65-02,已冷卻的心臟3,PARTY
363,65-03,已冷卻的心臟4,PARTY
364,65-04,已冷卻的心臟5,PARTY
365,65-05,已冷卻的心臟6,PARTY
366,66-00,潛水艇,Safety zone
367,66-01,潛水艇,Safety zone
368,67-00,亞特蘭提斯都市,Safety zone
369,68-00,深淵的遺址1,Field
370,68-01,深淵的遺址2,Field
371,68-02,深淵的遺址3,Field
372,68-03,深淵的遺址4,Field
373,68-04,深淵的遺址5,Field
374,68-05,深淵的遺址6,Field
375,69-00,轉職中心,Safety zone
376,69-01,機器哥布林內部,Safety zone
377,70-00,格鬥場一般戰,Safety zone
378,71-00,格鬥場道具戰,Safety zone
379,72-00,格鬥場傳點戰,Safety zone
380,73-00,蛇龍巢穴1,Field
381,73-01,蛇龍巢穴2,Field
382,73-02,蛇龍巢穴3,Field
383,74-00,極地迷宮1,Field
384,74-01,極地迷宮2,Field
385,75-00,香格里拉1,Field
386,75-01,香格里拉2,Field
387,75-02,香格里拉3,Field
388,76-00,金字塔墓室1,Field
389,76-01,金字塔墓室2,Field
390,76-02,金字塔墓室3,Field
391,77-00,幽靈海盜船1,Field
392,77-01,幽靈海盜船2,Field
393,78-00,爬呀爬活動,Safety zone
394,78-01,恭喜獲得第1名！,Safety zone
395,78-02,恭喜獲得第2名！,Safety zone
396,78-03,恭喜獲得第3名！,Safety zone
397,78-04,恭喜獲得第4名！,Safety zone
398,78-05,恭喜獲得第5名！,Safety zone
399,78-06,已完成全程,Safety zone
400,79-00,限時闖關,Safety zone
401,79-01,2017年紀念馬拉松,Field
402,80-00,限時闖關,Safety zone
403,80-01,限時闖關,Safety zone
404,80-02,開拓視野,Field
405,81-00,春植領主館1,Field
406,81-01,春植領主館3,Field
407,81-02,春植領主館2,Field
408,81-03,春植領主館4,Field
409,81-04,春植領主館5,Field
410,81-05,愛的彩虹島博物館,Field
411,82-00,奇邁羅研究所3,PARTY
412,82-01,奇邁羅研究所2,PARTY
413,82-02,奇邁羅研究所5,PARTY
414,82-03,奇邁羅研究所4,PARTY
415,82-04,奇邁羅研究所1,PARTY
416,82-05,奇邁羅研究所6,PARTY
417,82-06,奇邁羅研究所6,PARTY
418,82-07,奇邁羅研究所6,PARTY
419,83-00,奉春植房間,PARTY
420,83-01,奉春植房間,PARTY
421,83-02,奉春植房間,PARTY
422,84-00,年糕地區,PARTY
423,84-01,年糕地區,PARTY
424,84-02,年糕地區,PARTY
425,85-00,水族館1,Field
426,85-01,水族館2,Field
427,85-02,水族館3,Field
428,85-03,人魚房間,Safety zone
429,85-04,Under the sea,Field
430,86-00,米德卡勒特,Safety zone
431,86-01,戰鬥用品店,Safety zone
432,86-02,酒館,Safety zone
433,87-00,比佛羅斯特,Safety zone
434,87-01,彩虹橋,Safety zone
435,87-02,耳環之房,Safety zone
436,87-03,項鍊之房,Safety zone
437,87-04,朝向頂峰,Field
438,88-00,瓦爾哈拉1,PARTY
439,88-01,瓦爾哈拉2,PARTY
440,88-02,瓦爾哈拉3,PARTY
441,88-03,瓦爾哈拉4,PARTY
442,88-04,瓦爾哈拉5,PARTY
443,88-05,瓦爾哈拉6,PARTY
444,88-06,瓦爾哈拉7,PARTY
445,88-07,瓦爾哈拉8,PARTY
446,88-08,瓦爾哈拉9,PARTY
447,88-09,瓦爾哈拉9,PARTY
448,88-10,瓦爾哈拉9,PARTY
449,89-00,大蘋果之城,Safety zone
450,89-01,怪物塔大廳,Safety zone
451,89-02,休息室,Safety zone
452,89-03,休息室,Safety zone
453,89-04,休息室,Safety zone
454,89-05,休息室,Safety zone
455,89-06,休息室,Safety zone
456,89-07,休息室,Safety zone
457,89-08,休息室,Safety zone
458,89-09,休息室,Safety zone
459,89-10,休息室,Safety zone
460,89-11,休息室,Safety zone
461,89-12,休息室,Safety zone
462,89-13,休息室,Safety zone
463,89-14,休息室,Safety zone
464,89-15,大蘋果之城機場,Safety zone
465,89-16,飛行中的機艙內,Safety zone
466,89-17,休息室,Safety zone
467,89-18,休息室,Safety zone
468,89-19,休息室,Safety zone
469,89-20,休息室,Safety zone
470,89-21,休息室,Safety zone
471,89-22,休息室,Safety zone
472,89-23,休息室,Safety zone
473,89-24,地鐵站入口,Safety zone
474,89-25,彩諾恩事務所,Field
475,89-26,彩虹島喪屍,Single
476,89-27,彩虹島喪屍,Single
477,89-28,限時闖關等候室,Safety zone
478,90-00,打地鼠,Safety zone
479,90-01,打地鼠,Safety zone
480,91-00,羅馬競技場,Safety zone
481,92-00,一般聊天室,NORMAL
482,93-00,市集聊天室,MARKET
483,94-00,尋人聊天室,TAKE
484,95-00,交誼聊天室,MEET
485,95-01,剪刀石頭布,Field
486,95-02,剪刀石頭布,Field
487,95-03,剪刀石頭布,Field
488,95-04,剪刀石頭布,Field
489,95-05,剪刀石頭布,Field
490,95-06,剪刀石頭布,Field
491,95-07,剪刀石頭布,Field
492,95-08,剪刀石頭布,Field
493,95-09,剪刀石頭布大廳,Single
494,96-00,怪物塔1F,Single
495,96-01,怪物塔2F,Single
496,96-02,怪物塔3F,Single
497,96-03,怪物塔4F,Single
498,96-04,怪物塔5F,Single
499,96-05,怪物塔6F,Single
500,96-06,怪物塔7F,Single
501,96-07,怪物塔8F,Single
502,96-08,怪物塔9F,Single
503,96-09,怪物塔10F,Single
504,96-10,休息室,Single
505,96-11,獎勵房1號房,Single
506,96-12,獎勵房2號房,Single
507,96-13,獎勵房3號房,Single
508,96-14,獎勵房4號房,Single
509,96-15,中間獎勵房,Single
510,97-00,怪物塔11F,Single
511,97-01,怪物塔12F,Single
512,97-02,怪物塔13F,Single
513,97-03,怪物塔14F,Single
514,97-04,怪物塔15F,Single
515,97-05,怪物塔16F,Single
516,97-06,怪物塔17F,Single
517,97-07,怪物塔18F,Single
518,97-08,怪物塔19F,Single
519,97-09,怪物塔20F,Single
520,97-10,休息室,Single
521,97-11,獎勵房1號房,Single
522,97-12,獎勵房2號房,Single
523,97-13,獎勵房3號房,Single
524,97-14,獎勵房4號房,Single
525,97-15,中間獎勵房,Single
526,97-16,獎勵房,Safety zone
527,98-00,怪物塔21F,Single
528,98-01,怪物塔22F,Single
529,98-02,怪物塔23F,Single
530,98-03,怪物塔24F,Single
531,98-04,怪物塔25F,Single
532,98-05,怪物塔26F,Single
533,98-06,怪物塔27F,Single
534,98-07,怪物塔28F,Single
535,98-08,怪物塔29F,Single
536,98-09,怪物塔30F,Single
537,98-10,休息室,Single
538,98-11,獎勵房1號房,Single
539,98-12,獎勵房2號房,Single
540,98-13,獎勵房3號房,Single
541,98-14,獎勵房4號房,Single
542,98-15,中間獎勵房,Single
543,99-00,怪物塔31F,Single
544,99-01,怪物塔32F,Single
545,99-02,怪物塔33F,Single
546,99-03,怪物塔34F,Single
547,99-04,怪物塔35F,Single
548,99-05,怪物塔36F,Single
549,99-06,怪物塔37F,Single
550,99-07,怪物塔38F,Single
551,99-08,怪物塔39F,Single
552,99-09,怪物塔40F,Single
553,99-10,休息室,Single
554,99-11,獎勵房1號房,Single
555,99-12,獎勵房2號房,Single
556,99-13,獎勵房3號房,Single
557,99-14,獎勵房4號房,Single
558,99-15,中間獎勵房,Single
559,100-00,怪物塔41F,Single
560,100-01,怪物塔42F,Single
561,100-02,怪物塔43F,Single
562,100-03,怪物塔44F,Single
563,100-04,怪物塔45F,Single
564,100-05,怪物塔46F,Single
565,100-06,怪物塔47F,Single
566,100-07,怪物塔48F,Single
567,100-08,怪物塔49F,Single
568,100-09,怪物塔50F,Single
569,100-10,休息室,Single
570,100-11,獎勵房1號房,Single
571,100-12,獎勵房2號房,Single
572,100-13,獎勵房3號房,Single
573,100-14,獎勵房4號房,Single
574,100-15,中間獎勵房,Single
575,101-00,怪物塔51F,Single
576,101-01,怪物塔52F,Single
577,101-02,怪物塔53F,Single
578,101-03,怪物塔54F,Single
579,101-04,怪物塔55F,Single
580,101-05,怪物塔56F,Single
581,101-06,怪物塔57F,Single
582,101-07,怪物塔58F,Single
583,101-08,怪物塔59F,Single
584,101-09,怪物塔60F,Single
585,101-10,休息室,Single
586,101-11,獎勵房1號房,Single
587,101-12,獎勵房2號房,Single
588,101-13,獎勵房3號房,Single
589,101-14,獎勵房4號房,Single
590,101-15,中間獎勵房,Single
591,102-00,怪物塔61F,Single
592,102-01,怪物塔62F,Single
593,102-02,怪物塔63F,Single
594,102-03,怪物塔64F,Single
595,102-04,怪物塔65F,Single
596,102-05,怪物塔66F,Single
597,102-06,怪物塔67F,Single
598,102-07,怪物塔68F,Single
599,102-08,怪物塔69F,Single
600,102-09,怪物塔70F,Single
601,102-10,休息室,Single
602,102-11,獎勵房1號房,Single
603,102-12,獎勵房2號房,Single
604,102-13,獎勵房3號房,Single
605,102-14,獎勵房4號房,Single
606,102-15,中間獎勵房,Single
607,103-00,怪物塔71F,Single
608,103-01,怪物塔72F,Single
609,103-02,怪物塔73F,Single
610,103-03,怪物塔74F,Single
611,103-04,怪物塔75F,Single
612,103-05,怪物塔76F,Single
613,103-06,怪物塔77F,Single
614,103-07,怪物塔78F,Single
615,103-08,怪物塔79F,Single
616,103-09,怪物塔80F,Single
617,103-10,休息室,Single
618,103-11,獎勵房1號房,Single
619,103-12,獎勵房2號房,Single
620,103-13,獎勵房3號房,Single
621,103-14,獎勵房4號房,Single
622,103-15,中間獎勵房,Single
623,104-00,怪物塔81F,Single
624,104-01,怪物塔82F,Single
625,104-02,怪物塔83F,Single
626,104-03,怪物塔84F,Single
627,104-04,怪物塔85F,Single
628,104-05,怪物塔86F,Single
629,104-06,怪物塔87F,Single
630,104-07,怪物塔88F,Single
631,104-08,怪物塔89F,Single
632,104-09,怪物塔90F,Single
633,104-10,休息室,Single
634,104-11,獎勵房1號房,Single
635,104-12,獎勵房2號房,Single
636,104-13,獎勵房3號房,Single
637,104-14,獎勵房4號房,Single
638,104-15,中間獎勵房,Single
639,105-00,怪物塔91F,Single
640,105-01,怪物塔92F,Single
641,105-02,怪物塔93F,Single
642,105-03,怪物塔94F,Single
643,105-04,怪物塔95F,Single
644,105-05,怪物塔96F,Single
645,105-06,怪物塔97F,Single
646,105-07,怪物塔98F,Single
647,105-08,怪物塔99F,Single
648,105-09,怪物塔100F,Single
649,105-10,休息室,Single
650,105-11,獎勵房1號房,Single
651,105-12,獎勵房2號房,Single
652,105-13,獎勵房3號房,Single
653,105-14,獎勵房4號房,Single
654,105-15,中間獎勵房,Single
655,106-00,怪物塔101F,Single
656,106-01,怪物塔102F,Single
657,106-02,怪物塔103F,Single
658,106-03,怪物塔104F,Single
659,106-04,怪物塔105F,Single
660,106-05,怪物塔106F,Single
661,106-06,怪物塔107F,Single
662,106-07,怪物塔108F,Single
663,106-08,怪物塔109F,Single
664,106-09,怪物塔110F,Single
665,106-10,休息室,Single
666,106-11,獎勵房1號房,Single
667,106-12,獎勵房2號房,Single
668,106-13,獎勵房3號房,Single
669,106-14,獎勵房4號房,Single
670,106-15,中間獎勵房,Single
671,107-00,怪物塔111F,Single
672,107-01,怪物塔112F,Single
673,107-02,怪物塔113F,Single
674,107-03,怪物塔114F,Single
675,107-04,怪物塔115F,Single
676,107-05,怪物塔116F,Single
677,107-06,怪物塔117F,Single
678,107-07,怪物塔118F,Single
679,107-08,怪物塔119F,Single
680,107-09,怪物塔120F,Single
681,107-10,休息室,Single
682,107-11,獎勵房1號房,Single
683,107-12,獎勵房2號房,Single
684,107-13,獎勵房3號房,Single
685,107-14,獎勵房4號房,Single
686,107-15,中間獎勵房,Single
687,108-00,怪物塔121F,Single
688,108-01,怪物塔122F,Single
689,108-02,怪物塔123F,Single
690,108-03,怪物塔124F,Single
691,108-04,怪物塔125F,Single
692,108-05,怪物塔126F,Single
693,108-06,怪物塔127F,Single
694,108-07,怪物塔128F,Single
695,108-08,怪物塔129F,Single
696,108-09,怪物塔130F,Single
697,108-10,休息室,Single
698,108-11,獎勵房1號房,Single
699,108-12,獎勵房2號房,Single
700,108-13,獎勵房3號房,Single
701,108-14,獎勵房4號房,Single
702,108-15,中間獎勵房,Single
703,109-00,恐怖村莊1,PARTY
704,109-01,恐怖村莊2,PARTY
705,109-02,恐怖村莊3,PARTY
706,109-03,恐怖村莊4,PARTY
707,109-04,恐怖村莊祭殿,PARTY
708,110-00,[偽造數據],Field
709,111-00,太空梭發射台,Safety zone
710,111-01,基礎號,Safety zone
711,112-00,癩蛤蟆聚落1,Field
712,112-01,癩蛤蟆聚落2,Field
713,112-02,癩蛤蟆聚落3,Field
714,112-03,癩蛤蟆聚落4,Field
715,112-04,山谷入口,Safety zone
716,113-00,癩蛤蟆森林1,PARTY
717,113-01,秘密的梯子,PARTY
718,113-02,癩蛤蟆森林2,PARTY
719,113-03,混亂的蠟燭,PARTY
720,113-04,癩蛤蟆森林3,PARTY
721,113-05,猜不透,PARTY
722,113-06,秘密基地,PARTY
723,114-00,癩蛤蟆山1,PARTY
724,114-01,秘密的超級瑪琍,PARTY
725,114-02,癩蛤蟆山2,PARTY
726,114-03,猜謎石像,PARTY
727,114-04,癩蛤蟆山3,PARTY
728,114-05,跟我一起做,PARTY
729,114-06,秘密基地,PARTY
730,114-07,冒險的聲音,Safety zone
731,114-08,冒險的聲音,Safety zone
732,114-09,冒險的聲音,Safety zone
733,114-10,冒險的聲音,Safety zone
734,114-11,冒險的聲音,Safety zone
735,114-12,冒險的聲音,Safety zone
736,114-13,冒險的聲音,Safety zone
737,114-14,冒險的聲音,Safety zone
738,114-15,冒險的聲音,Safety zone
739,114-16,冒險的聲音,Safety zone
740,115-00,癩蛤蟆洞窟1,PARTY
741,115-01,海市蜃樓地圖,PARTY
742,115-02,癩蛤蟆洞窟2,PARTY
743,115-03,骷髏頭,PARTY
744,115-04,癩蛤蟆洞窟3,PARTY
745,115-05,猜謎達人,PARTY
746,115-06,秘密基地,PARTY
747,116-00,癩蛤蟆山谷,PARTY
748,117-00,癩蛤蟆海邊1,Field
749,117-01,癩蛤蟆海邊2,Field
750,117-02,癩蛤蟆村落,Safety zone
751,117-03,癩蛤蟆村落農田,Safety zone
752,117-04,納伊將軍的器具,Safety zone
753,117-05,鬼怪山入口,Safety zone
754,118-00,廢鐵溪谷入口1,Field
755,118-01,廢鐵溪谷入口2,Field
756,118-02,廢鐵溪谷入口3,Field
757,118-03,廢鐵溪谷入口4,Field
758,118-04,廢鐵溪谷入口5,Field
759,119-00,鋼鐵都市,Safety zone
760,120-00,廢鐵溪谷出口1,Field
761,120-01,廢鐵溪谷出口2,Field
762,120-02,廢鐵溪谷出口3,Field
763,120-03,廢鐵溪谷出口4,Field
764,120-04,廢鐵溪谷出口5,Field
765,121-00,兵工廠1,Field
766,121-01,兵工廠2,Field
767,121-02,兵工廠3,Field
768,121-03,兵工廠4,Field
769,122-00,結婚會場,Safety zone
770,123-00,尋找雷比魯道夫1,Field
771,123-01,尋找雷比魯道夫2,Field
772,123-02,尋找雷比魯道夫3,Field
773,123-03,尋找雷比魯道夫4,Field
774,123-04,奔跑的冬季慶典,Field
775,123-05,尋找雷比魯道夫10,Field
776,123-06,活動地圖,Safety zone
777,123-07,活動地圖,Safety zone
778,123-08,活動地圖,Safety zone
779,123-09,活動地圖,Safety zone
780,123-10,活動地圖,Safety zone
781,123-11,活動地圖,Safety zone
782,123-12,活動地圖,Safety zone
783,123-13,活動地圖,Safety zone
784,123-14,活動地圖,Safety zone
785,123-15,活動地圖,Safety zone
786,123-16,活動地圖,Safety zone
787,123-17,活動地圖,Safety zone
788,123-18,活動地圖,Safety zone
789,123-19,活動地圖,Safety zone
790,123-20,活動地圖,Safety zone
791,123-21,活動地圖,Safety zone
792,123-22,活動地圖,Safety zone
793,123-23,活動地圖,Safety zone
794,123-24,活動地圖,Safety zone
795,123-25,活動地圖,Safety zone
796,123-26,活動地圖,Safety zone
797,123-27,活動地圖,Safety zone
798,123-28,活動地圖,Safety zone
799,123-29,活動地圖,Safety zone
800,123-30,尋找雷比魯道夫6,Safety zone
801,123-31,尋找雷比魯道夫7,Safety zone
802,123-32,尋找雷比魯道夫8,Safety zone
803,123-33,尋找雷比魯道夫9,Safety zone
804,123-34,有趣的瞪眼睛比賽,Safety zone
805,124-00,格鬥場道具戰,Safety zone
806,125-00,格鬥場自由,Safety zone
807,126-00,格鬥場低重力,Safety zone
808,127-00,格鬥場海底,Safety zone
809,128-00,格鬥場金字塔,Safety zone
810,129-00,轉職中心,Safety zone
811,129-01,機器哥布林內部,Safety zone
812,130-00,精靈樹,Safety zone
813,131-00,花溪谷1,Field
814,131-01,花溪谷2,Field
815,131-02,花溪谷3,Field
816,131-03,花溪谷4,Field
817,131-04,花溪谷5,Field
818,132-00,精靈城,PARTY
819,132-01,精靈城,PARTY
820,132-02,精靈城,PARTY
821,133-00,麵包大街,Safety zone
822,134-00,白色教堂1,Field
823,134-01,白色教堂2,Field
824,134-02,白色教堂3,Field
825,134-03,白色教堂4,Field
826,135-00,黑塔,PARTY
827,135-01,黑塔,PARTY
828,135-02,黑塔,PARTY
829,136-00,金蘭雲系2,Field
830,136-01,金蘭雲系4,Field
831,136-02,金蘭雲系1,Field
832,136-03,金蘭雲系3,Field
833,137-00,天門,Safety zone
834,138-00,飛空部,PARTY
835,138-01,飛空部,PARTY
836,138-02,飛空部,PARTY
837,139-00,異世界,PARTY
838,139-01,異世界,PARTY
839,139-02,異世界,PARTY
840,140-00,異世界入口,Safety zone
841,141-00,機庫1,Field
842,141-01,機庫2,Field
843,141-02,機庫3,Field
844,141-03,機庫4,Field
845,141-04,機庫5,Field
846,142-00,水耕農場1,Field
847,142-01,水耕農場2,Field
848,142-02,水耕農場3,Field
849,143-00,D-拉伯1,Field
850,143-01,D-拉伯2,Field
851,143-02,D-拉伯3,Field
852,143-03,D-拉伯4,Field
853,143-04,D-拉伯5,Field
854,143-05,D-拉伯5,Field
855,143-06,D-拉伯6,Field
856,144-00,地獄之門,PARTY
857,144-01,地獄之門,PARTY
858,144-02,地獄之門,PARTY
859,145-00,地獄之門,Safety zone
860,146-00,小章魚神殿1,Field
861,146-01,小章魚神殿2,Field
862,146-02,小章魚神殿3,Field
863,146-03,小章魚神殿4,Field
864,146-04,小章魚神殿5,Field
865,146-05,小章魚神殿6,Field
866,146-06,小章魚神殿7,Field
867,146-07,小章魚神殿8,Field
868,146-08,小章魚神殿入口,Safety zone
869,147-00,瘋狂礦工的礦場,GINDUN
870,148-00,退休礦工的礦場,GINDUN
871,149-00,貪心礦工的礦場,GINDUN
872,150-00,約束庭園,GINDUN
873,151-00,安息庭園,GINDUN
874,152-00,白日夢庭園,GINDUN
875,153-00,毛絨球溫泉,GINDUN
876,154-00,雪女溫泉,GINDUN
877,154-01,溫泉,GINDUN
878,155-00,雪爾奇溫泉,GINDUN
879,156-00,開拓者的礦場,Safety zone
880,157-00,停等區1,Field
881,157-01,停等區2,Field
882,157-02,停等區3,Field
883,158-00,羅馬競技場 - 初級,PARTY
884,158-01,武器之房,Safety zone
885,158-02,挑戰！小吉,Safety zone
886,158-03,挑戰！中吉,Safety zone
887,158-04,挑戰！大吉,Safety zone
888,159-00,羅馬競技場 - 中級,PARTY
889,160-00,羅馬競技場 - 高級,PARTY
890,161-00,羅馬競技場 - 高難度,PARTY
891,162-00,不祥的房間,Single
892,162-01,廢墟地區,Single
893,162-02,廢墟地區,Single
894,162-03,中央區域,Single
895,162-04,神殿區域,Single
896,162-05,地上庭園1,Single
897,162-06,地上庭園2,Single
898,162-07,吉納蒂亞外圍地區,Single
899,162-08,星星的領域,Single
900,162-09,變化房間,Single
901,162-10,戰士的領域1,Single
902,162-11,治癒房間,Single
903,162-12,聖騎士的領域1,Single
904,162-13,寶物房間,Single
905,162-14,火的聖地,Single
906,162-15,水的聖地,Single
907,162-16,大地的聖地,Single
908,162-17,風的聖地,Single
909,162-18,懺悔房間,Single
910,162-19,沉思房間,Single
911,162-20,安置室,Single
912,162-21,奇比奧利溫之房,Single
913,162-22,外圍地區4,Single
914,162-23,戰士的領域2,Single
915,162-24,束縛房間,Single
916,162-25,汙染房間,Single
917,162-26,聖騎士的領域2,Single
918,162-27,戒指之房,Safety zone
919,162-28,[活動] 神殿慶典,Safety zone
920,163-00,水上庭園,Safety zone
921,163-01,深海地帶1,Field
922,163-02,深海地帶2,Field
923,163-03,深海地帶3,Field
924,163-04,治癒房間,Safety zone
925,163-05,變化房間,Safety zone
926,163-06,收藏水族館等候室,Field
927,163-07,收藏水族館,Field
928,163-08,清掃海洋,Field
929,164-00,鋼鐵房間1,Field
930,164-01,鋼鐵房間2,Field
931,164-02,鋼鐵房間1,Field
932,164-03,鋼鐵房間2,Field
933,165-00,聖歌團室,Safety zone
934,165-01,聖歌團室,Safety zone
935,165-02,聖歌團室,Safety zone
936,166-00,聖騎士的領域2,Single
937,166-01,聖騎士的領域3,Single
938,166-02,聖騎士的領域2,Single
939,166-03,聖騎士的領域3,Single
940,167-00,火的聖地,Single
941,167-01,火的聖地內部,Single
942,167-02,水的聖地,Single
943,167-03,水的聖地內部,Single
944,167-04,大地的聖地,Single
945,167-05,大地的聖地內部,Single
946,167-06,風的聖地,Single
947,167-07,風的聖地內部,Single
948,167-08,火的聖地,Single
949,167-09,火的聖地內部,Single
950,167-10,水的聖地,Single
951,167-11,水的聖地內部,Single
952,167-12,大地的聖地,Single
953,167-13,大地的聖地內部,Single
954,167-14,風的聖地,Single
955,167-15,風的聖地內部,Single
956,168-00,深海地帶1,Single
957,168-01,深海地帶2,Single
958,168-02,深海地帶3,Single
959,168-03,深海地帶1,Single
960,168-04,深海地帶2,Single
961,168-05,深海地帶3,Single
962,168-06,被污染的海洋,Field
963,169-00,安置室,Single
964,169-01,古代君王的領域,Single
965,169-02,古代君王的領域1,Single
966,169-03,憤怒之房,Single
967,169-04,不祥的房間,Single
968,169-05,憤怒之房,Single
969,169-06,戰士的領域2,Single
970,169-07,戰士的領域3,Single
971,169-08,開始,Safety zone
972,169-09,輸了…,Safety zone
973,169-10,贏了！,Safety zone
974,169-11,平手？！,Safety zone
975,169-12,雖然輸了…獎勵,Safety zone
976,169-13,太棒了！,Safety zone
977,170-00,喧鬧的礦場,GINDUN
978,170-01,怪物狩獵派對,Single
979,171-00,夢想庭園,GINDUN
980,172-00,耶比妹妹∼★！！溫泉,GINDUN
981,173-00,吉納蒂亞聖地,Single
982,174-00,海市蜃樓庭園,Safety zone
983,175-00,秩序公會房間,guild
984,176-00,混沌公會房間,guild
985,177-00,小章魚神殿,PARTY
986,178-00,神秘森林1,Field
987,178-01,神秘森林2,Field
988,178-02,神秘氣息之房,Safety zone
989,178-03,神秘氣息之房,Safety zone
990,178-04,神秘森林深處,Field
991,178-05,修練場入口,Field
992,179-00,天空海1,Field
993,179-01,天空海2,Field
994,179-02,天空海3,Field
995,179-03,天空海4,Field
996,180-00,艾爾亞諾勒平原南部1,Field
997,180-01,艾爾亞諾勒平原南部2,Field
998,180-02,艾爾亞諾勒平原南部3,Field
999,180-03,艾爾亞諾勒平原南部5,Field
1000,180-04,艾爾亞諾勒平原南部4,Field
1001,180-05,艾爾亞諾勒平原南部6,Field
1002,180-06,艾爾亞諾勒平原南部7,Field
1003,180-07,艾爾亞諾勒平原南部8,Field
1004,180-08,艾爾亞諾勒平原南部4-1,Field
1005,181-00,艾爾亞諾勒平原北部1,Field
1006,181-01,艾爾亞諾勒平原北部2,Field
1007,181-02,艾爾亞諾勒平原北部3,Field
1008,181-03,艾爾亞諾勒平原北部4,Field
1009,182-00,艾爾亞諾勒平原西部1,Field
1010,182-01,艾爾亞諾勒平原西部2,Field
1011,182-02,艾爾亞諾勒平原西部3,Field
1012,182-03,艾爾亞諾勒平原西部4,Field
1013,183-00,艾爾亞諾勒平原東部1,Field
1014,183-01,艾爾亞諾勒平原東部2,Field
1015,183-02,艾爾亞諾勒平原東部3,Field
1016,183-03,艾爾亞諾勒平原東部4,Field
1017,184-00,聯合公會,Safety zone
1018,184-01,公會旅館,Safety zone
1019,184-02,無限迴廊,Safety zone
1020,184-03,無限迴廊,Safety zone
1021,184-04,披風之房,Safety zone
1022,185-00,轉換的聖地,Single
1023,186-00,挑戰！蛇龍巢穴1,PARTY
1024,186-01,挑戰！蛇龍巢穴2,PARTY
1025,186-02,挑戰！蛇龍巢穴3,PARTY
1026,186-03,挑戰！蛇龍巢穴4,PARTY
1027,186-04,挑戰！蛇龍巢穴5,PARTY
1028,186-05,挑戰！蛇龍巢穴6,PARTY
1029,186-06,挑戰！蛇龍巢穴7,PARTY
1030,186-07,挑戰！蛇龍巢穴8,PARTY
1031,186-08,挑戰！蛇龍巢穴入口,PARTY
1032,186-09,挑戰！蛇龍巢穴出口,PARTY
1033,186-10,挑戰！蛇龍巢穴出口,PARTY
1034,186-11,挑戰！蛇龍巢穴出口,PARTY
1035,187-00,挑戰！極地迷宮1,PARTY
1036,187-01,挑戰！極地迷宮2,PARTY
1037,187-02,挑戰！極地迷宮3,PARTY
1038,187-03,挑戰！極地迷宮4,PARTY
1039,187-04,挑戰！極地迷宮5,PARTY
1040,187-05,挑戰！極地迷宮6,PARTY
1041,187-06,挑戰！極地迷宮7,PARTY
1042,187-07,挑戰！極地迷宮8,PARTY
1043,187-08,挑戰！極地迷宮9,PARTY
1044,187-09,挑戰！極地迷宮10,PARTY
1045,187-10,挑戰！極地迷宮入口,PARTY
1046,187-11,挑戰！極地迷宮出口,PARTY
1047,187-12,挑戰！極地迷宮出口,PARTY
1048,187-13,挑戰！極地迷宮出口,PARTY
1049,188-00,轉換的聖地,Single
1050,189-00,冬天的極地迷宮,Safety zone
1051,190-00,夏天的原野1,Field
1052,190-01,夏天的原野2,Field
1053,191-00,挑戰！蛇龍巢穴1,PARTY
1054,191-01,挑戰！蛇龍巢穴2,PARTY
1055,191-02,挑戰！蛇龍巢穴3,PARTY
1056,191-03,挑戰！蛇龍巢穴4,PARTY
1057,191-04,挑戰！蛇龍巢穴5,PARTY
1058,191-05,挑戰！蛇龍巢穴6,PARTY
1059,191-06,挑戰！蛇龍巢穴7,PARTY
1060,191-07,挑戰！蛇龍巢穴8,PARTY
1061,191-08,挑戰！蛇龍巢穴入口,PARTY
1062,191-09,挑戰！蛇龍巢穴出口,PARTY
1063,191-10,挑戰！蛇龍巢穴出口,PARTY
1064,191-11,挑戰！蛇龍巢穴出口,PARTY
1065,192-00,挑戰！極地迷宮1,PARTY
1066,192-01,挑戰！極地迷宮2,PARTY
1067,192-02,挑戰！極地迷宮3,PARTY
1068,192-03,挑戰！極地迷宮4,PARTY
1069,192-04,挑戰！極地迷宮5,PARTY
1070,192-05,挑戰！極地迷宮6,PARTY
1071,192-06,挑戰！極地迷宮7,PARTY
1072,192-07,挑戰！極地迷宮8,PARTY
1073,192-08,挑戰！極地迷宮9,PARTY
1074,192-09,挑戰！極地迷宮10,PARTY
1075,192-10,挑戰！極地迷宮入口,PARTY
1076,192-11,挑戰！極地迷宮出口,PARTY
1077,192-12,挑戰！極地迷宮出口,PARTY
1078,192-13,挑戰！極地迷宮出口,PARTY
1079,193-00,艾爾亞諾勒山嶽地帶1,Field
1080,193-01,艾爾亞諾勒山嶽地帶2,Field
1081,193-02,艾爾亞諾勒山嶽地帶3,Field
1082,193-03,艾爾亞諾勒山嶽地帶4,Field
1083,193-04,艾爾亞諾勒山嶽地帶5,Field
1084,139-05,艾爾亞諾勒山嶽地帶6,Field
1085,139-06,艾爾亞諾勒山嶽地帶7,Field
1086,194-00,飛空艇墜落地帶6,PARTY
1087,194-01,飛空艇墜落地帶6,PARTY
1088,194-02,飛空艇墜落地帶6,PARTY
1089,195-00,飛空艇墜落地帶1,Field
1090,195-01,飛空艇墜落地帶2,Field
1091,195-02,飛空艇墜落地帶3,Field
1092,195-03,飛空艇墜落地帶4,Field
1093,195-04,飛空艇墜落地帶5,Field
1094,196-00,挑戰！金字塔入口,PARTY
1095,196-01,挑戰！金字塔1,PARTY
1096,196-02,挑戰！金字塔2,PARTY
1097,196-03,挑戰！金字塔3,PARTY
1098,196-04,挑戰！金字塔4,PARTY
1099,196-05,挑戰！金字塔中央,PARTY
1100,196-06,挑戰！金字塔5,PARTY
1101,196-07,挑戰！金字塔6,PARTY
1102,196-08,挑戰！金字塔7,PARTY
1103,196-09,挑戰！金字塔8,PARTY
1104,196-10,挑戰！金字塔15,PARTY
1105,196-11,挑戰！金字塔16,PARTY
1106,196-12,挑戰！金字塔17,PARTY
1107,196-13,挑戰！金字塔18,PARTY
1108,196-14,挑戰！金字塔10,PARTY
1109,196-15,挑戰！金字塔11,PARTY
1110,196-16,挑戰！金字塔12,PARTY
1111,196-17,挑戰！金字塔13,PARTY
1112,196-18,空房間(體現X),PARTY
1113,196-19,空房間(體現X),PARTY
1114,196-20,秘密房間,PARTY
1115,196-21,秘密房間,PARTY
1116,196-22,秘密房間,PARTY
1117,196-23,秘密房間,PARTY
1118,196-24,挑戰！金字塔19,PARTY
1119,196-25,挑戰！金字塔出口,PARTY
1120,196-26,挑戰！金字塔14,PARTY
1121,196-27,挑戰！金字塔出口,PARTY
1122,196-28,挑戰！金字塔9,PARTY
1123,196-29,挑戰！金字塔出口,PARTY
1124,196-30,挑戰！金字塔出口,PARTY
1125,196-31,挑戰！金字塔出口,PARTY
1126,197-00,挑戰！香格里拉入口,PARTY
1127,197-01,挑戰！香格里拉1,PARTY
1128,197-02,挑戰！香格里拉2,PARTY
1129,197-03,挑戰！香格里拉3,PARTY
1130,197-04,挑戰！香格里拉4,PARTY
1131,197-05,挑戰！香格里拉5,PARTY
1132,197-06,挑戰！香格里拉6,PARTY
1133,197-07,挑戰！香格里拉7,PARTY
1134,197-08,挑戰！香格里拉8,PARTY
1135,197-09,挑戰！香格里拉9,PARTY
1136,197-10,挑戰！香格里拉10,PARTY
1137,197-11,挑戰！香格里拉11,PARTY
1138,197-12,挑戰！香格里拉12,PARTY
1139,197-13,挑戰！香格里拉13,PARTY
1140,197-14,挑戰！香格里拉14,PARTY
1141,197-15,挑戰！香格里拉15,PARTY
1142,197-16,挑戰！香格里拉16,PARTY
1143,197-17,挑戰！香格里拉17,PARTY
1144,197-18,挑戰！香格里拉18,PARTY
1145,197-19,挑戰！香格里拉19,PARTY
1146,197-20,挑戰！香格里拉20,PARTY
1147,197-21,挑戰！香格里拉出口,PARTY
1148,197-22,挑戰！香格里拉出口,PARTY
1149,197-23,挑戰！香格里拉出口,PARTY
1150,198-00,被遺忘的平原1,Field
1151,198-01,被遺忘的平原2,Field
1152,198-02,被遺忘的平原3,Field
1153,198-03,被遺忘的平原4,Field
1154,198-04,被遺忘的平原5,Field
1155,198-05,被遺忘的平原6,Field
1156,199-00,被遺忘的花園1,PARTY
1157,199-01,被遺忘的花園2,PARTY
1158,199-02,被遺忘的花園3,PARTY
1159,199-03,被遺忘的花園4,PARTY
1160,199-04,被遺忘的花園5,PARTY
1161,199-05,被遺忘的花園6,PARTY
1162,199-06,被遺忘的花園7,PARTY
1163,199-07,被遺忘的花園8,PARTY
1164,199-08,被遺忘的花園8,PARTY
1165,199-09,被遺忘的花園7,PARTY
1166,199-10,被遺忘的花園6,PARTY
1167,199-11,被遺忘的花園5,PARTY
1168,199-12,被遺忘的花園4,PARTY
1169,199-13,被遺忘的花園3,PARTY
1170,199-14,被遺忘的花園2,PARTY
1171,199-15,被遺忘的花園8,PARTY
1172,199-16,被遺忘的花園1,PARTY
1173,199-17,被遺忘的花園1,PARTY
1174,199-18,被遺忘的花園1,PARTY
1175,199-19,被遺忘的花園1,PARTY
1176,199-20,愛麗絲的第二座石塔,Safety zone
1177,200-00,貝爾法圖書館大廳,Safety zone
1178,200-01,綜合閱覽室1,Field
1179,200-02,綜合閱覽室2,Field
1180,200-03,綜合閱覽室3,Field
1181,201-00,魔法書閱覽室1,PARTY
1182,201-01,魔法書閱覽室2,PARTY
1183,201-02,魔法書閱覽室3,PARTY
1184,201-03,魔法書閱覽室4,PARTY
1185,201-04,魔法書閱覽室5,PARTY
1186,201-05,魔法書閱覽室6,PARTY
1187,201-06,魔法書閱覽室7,PARTY
1188,201-07,魔法書閱覽室8,PARTY
1189,201-08,魔法書閱覽室9,PARTY
1190,201-09,魔法書閱覽室10,PARTY
1191,201-10,魔法書閱覽室11,PARTY
1192,201-11,秘密書庫,PARTY
1193,201-12,秘密書庫,PARTY
1194,201-13,秘密書庫,PARTY
1195,201-14-0,[活動] 圖書館大廳,PARTY
1196,201-15-0,[活動] 圖書館,PARTY
1197,201-16-0,[活動] 圖書館,PARTY
1198,201-17-0,[活動] 圖書館,PARTY
1199,201-18-0,[活動] 圖書館BOSS房,PARTY
1200,201-19-0,[活動] 圖書館,PARTY
1201,201-20-0,愛麗絲的第一座石塔,Safety zone
1202,202-00,香格里拉1,Single
1203,202-01,香格里拉2,Single
1204,202-02,香格里拉3,Single
1205,202-03,香格里拉4,Single
1206,202-04,香格里拉5,Single
1207,202-05,香格里拉玄武房,Single
1208,202-06,香格里拉玄武房,Single
1209,202-07,香格里拉玄武房,Single
1210,202-08,香格里拉玄武房,Single
1211,202-09,香格里拉玄武房,Single
1212,202-10,香格里拉玄武房,Single
1213,202-11,香格里拉玄武房,Single
1214,202-12,香格里拉玄武房,Single
1215,202-13,香格里拉3,Single
1216,203-00,彩虹釣魚場,Safety zone
1217,203-01,彩虹釣魚場,Safety zone
1218,203-02,公會釣魚場,guild
1219,203-03,公會釣魚場,guild
1220,203-04,像訓練一樣的休息,Field
1221,204-00,老虎寺1,PARTY
1222,204-01,老虎寺2,PARTY
1223,204-02,老虎寺龍虎關,PARTY
1224,204-03,老虎寺老虎閣,PARTY
1225,205-00,貝羅斯酒館,Single
1226,205-01,貝羅斯酒館,Single
1227,205-02,貝羅斯酒館,Single
1228,206-00,老虎寺1,PARTY
1229,206-01,老虎寺2,PARTY
1230,206-02,老虎寺龍虎關,PARTY
1231,206-03,老虎寺老虎閣,PARTY
1232,207-00,彩虹島世界大廳,Safety zone
1233,207-01,怪物慶典,Safety zone
1234,207-02,往上爬,Safety zone
1235,207-03,彩虹島世界紀念拍攝地,Safety zone
1236,207-04,彩虹島世界大廳,Safety zone
1237,207-05,彩虹島世界影波克,Safety zone
1238,207-06,彩虹島世界爬呀爬,Safety zone
1239,207-07,彩虹島世界GM照片,Safety zone
1240,207-08,彩虹島世界礦場體驗,Safety zone
1241,207-09,彩虹島世界礦場體驗,Safety zone
1242,207-10,彩虹島世界礦場體驗,Safety zone
1243,207-11,彩虹島世界遊樂園,Safety zone
1244,207-12,彩虹島世界恐怖特輯,Safety zone
1245,207-13,彩虹島世界跳繩,Safety zone
1246,207-14,彩虹島世界大廳,Safety zone
1247,207-15,咻！怪物進球,Safety zone
1248,207-16,無限防守,Safety zone
1249,207-17,無限感謝獎勵,Safety zone
1250,207-18,怪物防守獎勵房,Safety zone
1251,207-19,怪物防守大廳,Safety zone
1252,207-20,無限感謝！跑跑跑！！,Safety zone
1253,207-21,沙漠地帶,Safety zone
1254,207-22,崩壞之塔塔頂,Safety zone
1255,208-00,星光平原1,Field
1256,208-01,星光平原2,Field
1257,208-02,星光平原3,Field
1258,208-03,星光平原4,Field
1259,208-04,星光平原5,Field
1260,208-05,星光平原6,Field
1261,208-06,銀光住宅入口,Safety zone
1262,209-00,星座峭壁,PARTY
1263,209-01,星座峭壁,PARTY
1264,209-02,星座峭壁,PARTY
1265,209-03,星座峭壁,PARTY
1266,210-00,銀光住宅,Safety zone
1267,210-01,星星搖籃入口,Safety zone
1268,210-02,神秘小矮人倉庫,Safety zone
1269,211-00,星星搖籃1,PARTY
1270,211-01,星星搖籃2,PARTY
1271,211-02,星星搖籃3,PARTY
1272,211-03,星星搖籃4,PARTY
1273,211-04,星星搖籃中心,PARTY
1274,211-05,星星搖籃3,PARTY
1275,211-06,星星搖籃3,PARTY
1276,211-07,星星搖籃中心,PARTY
1277,211-08,星星搖籃中心,PARTY
1278,211-09,星星搖籃中心,PARTY
1279,211-10,星星搖籃中心,PARTY
1280,211-11,星星搖籃中心,PARTY
1281,211-12,星星搖籃中心,PARTY
1282,212-00,限時闖關星星搖籃1,PARTY
1283,212-01,限時闖關星星搖籃2,PARTY
1284,212-02,限時闖關星星搖籃3,PARTY
1285,212-03,限時闖關星星搖籃4,PARTY
1286,212-04,限時闖關星星搖籃5,PARTY
1287,212-05,限時闖關星星搖籃中心,PARTY
1288,212-06,獎勵房,PARTY
1289,212-07,獎勵房,PARTY
1290,212-08,獎勵房,PARTY
1291,213-00,強尼船長的房間,PARTY
1292,213-01,海妖的房間,PARTY
1293,214-00,恐怖村莊1,PARTY
1294,214-01,恐怖村莊2,PARTY
1295,214-02,恐怖村莊3,PARTY
1296,214-03,恐怖村莊4,PARTY
1297,214-04,恐怖村莊祭殿,PARTY
1298,215-00,恐怖村莊1,PARTY
1299,215-01,恐怖村莊2,PARTY
1300,215-02,恐怖村莊3,PARTY
1301,215-03,恐怖村莊4,PARTY
1302,215-04,恐怖村莊祭殿,PARTY
1303,216-00,古木森林,Single
1304,216-01,古木森林,Single
1305,217-00,釣魚王選拔大賽,Safety zone
1306,218-00,克杜卡心臟,PARTY
1307,218-01,克杜卡心臟,PARTY
1308,218-02,克杜卡心臟,PARTY
1309,219-00,貓頭鷹城1,PARTY
1310,219-01,貓頭鷹城1,PARTY
1311,219-02,貓頭鷹城1,PARTY
1312,219-03,貓頭鷹城1,PARTY
1313,220-00,格鬥場奧亦奇,Safety zone
1314,221-00,131F,Single
1315,221-01,132F,Single
1316,221-02,133F,Single
1317,221-03,134F,Single
1318,221-04,135F,Single
1319,221-05,136F,Single
1320,221-06,137F,Single
1321,221-07,138F,Single
1322,221-08,139F,Single
1323,221-09,140F,Single
1324,221-10,獎勵房,Single
1325,221-11,獎勵房,Single
1326,222-00,141F,Single
1327,222-01,142F,Single
1328,222-02,143F,Single
1329,222-03,144F,Single
1330,222-04,145F,Single
1331,222-05,146F,Single
1332,222-06,147F,Single
1333,222-07,148F,Single
1334,222-08,149F,Single
1335,222-09,150F,Single
1336,222-10,獎勵房,Single
1337,222-11,獎勵房,Single
1338,223-00,151F,Single
1339,223-01,152F,Single
1340,223-02,153F,Single
1341,223-03,154F,Single
1342,223-04,155F,Single
1343,223-05,156F,Single
1344,223-06,157F,Single
1345,223-07,158F,Single
1346,223-08,159F,Single
1347,223-09,160F,Single
1348,223-10,獎勵房,Single
1349,223-11,獎勵房,Single
1350,224-00,161F,Single
1351,224-01,162F,Single
1352,224-02,163F,Single
1353,224-03,164F,Single
1354,224-04,165F,Single
1355,224-05,166F,Single
1356,224-06,167F,Single
1357,224-07,168F,Single
1358,224-08,169F,Single
1359,224-09,170F,Single
1360,224-10,獎勵房,Single
1361,224-11,獎勵房,Single
1362,225-00,171F,Single
1363,225-01,172F,Single
1364,225-02,173F,Single
1365,225-03,174F,Single
1366,225-04,175F,Single
1367,225-05,176F,Single
1368,225-06,177F,Single
1369,225-07,178F,Single
1370,225-08,179F,Single
1371,225-09,180F,Single
1372,225-10,獎勵房,Single
1373,225-11,獎勵房,Single
1374,226-00,181F,Single
1375,226-01,182F,Single
1376,226-02,183F,Single
1377,226-03,184F,Single
1378,226-04,185F,Single
1379,226-05,186F,Single
1380,226-06,187F,Single
1381,226-07,188F,Single
1382,226-08,189F,Single
1383,226-09,190F,Single
1384,226-10,獎勵房,Single
1385,226-11,獎勵房,Single
1386,227-00,191F,Single
1387,227-01,192F,Single
1388,227-02,193F,Single
1389,227-03,194F,Single
1390,227-04,195F,Single
1391,227-05,196F,Single
1392,227-06,197F,Single
1393,227-07,198F,Single
1394,227-08,199F,Single
1395,227-09,200F,Single
1396,227-10,獎勵房,Single
1397,227-11,獎勵房,Single
1398,228-01,悲鳴海岸1,Field
1399,228-02,悲鳴海岸2,Field
1400,228-03,悲鳴海岸3,Field
1401,228-04,悲鳴海岸4,Field
1402,229-00,崩壞之塔地下,PARTY
1403,230-00,華納海姆崩壞之塔1,Field
1404,230-01,華納海姆崩壞之塔2,Field
1405,230-02,華納海姆崩壞之塔3,Field
1406,230-03,華納海姆崩壞之塔4,Field
1407,230-04,華納海姆崩壞之塔塔頂,Field
1408,231-00,陰森村莊1,PARTY
1409,231-01,陰森村莊2,PARTY
1410,231-02,陰森村莊3,PARTY
1411,231-03,陰森村莊4,PARTY
1412,231-04,陰森村莊5,PARTY
1413,232-00,GM活動地圖,Safety zone
1414,232-01,萬聖節怪物派對,Safety zone
1415,232-02,萬聖節派對！開始！,Safety zone
1416,232-03,萬聖節戰擊皇家等候室,Safety zone
1417,232-04,萬聖節戰擊皇家獎勵房,Safety zone
1418,232-05,試驗等候室,Safety zone
1419,232-06,爬呀爬活動,Safety zone
1420,232-07,筆試試場,Safety zone
1421,232-08,力量試場,Safety zone
1422,233-00,日落平原1,Field
1423,233-01,日落平原2,Field
1424,233-02,日落平原3,Field
1425,234-00,天空號,Safety zone
1426,234-01,天空號,Safety zone
1427,234-02,天空號,Safety zone
1428,235-00,市中心1,Field
1429,235-01,市中心2,Field
1430,235-02,市中心3,Field
1431,235-03,市中心4,Field
1432,236-00,奧勒蓋米爾研究所1,Field
1433,236-01,奧勒蓋米爾研究所2,Field
1434,236-02,奧勒蓋米爾研究所3,Field
1435,237-00,奇妙的街道,Single
1436,237-01,奇妙的街道,Single
1437,237-02,奇妙的街道,Single
1438,238-00,漂流都市,Safety zone
1439,239-00,漂流都市,Safety zone
1440,240-00,漂流都市1,Field
1441,240-01,漂流都市2,Field
1442,240-02,漂流都市3,Field
1443,241-00,MG墜落地,PARTY
1444,241-01,MG墜落地,PARTY
1445,241-02,MG墜落地,PARTY
1446,242-00,高速公路,Safety zone
1447,243-00,廢棄高樓,Safety zone
1448,244-00,高速公路,Safety zone
1449,245-00,高速公路,Safety zone
1450,246-00,高速公路,PARTY
1451,246-01,高速公路,PARTY
1452,246-02,高速公路,PARTY
1453,247-00,廢棄高樓,Safety zone
1454,248-00,廢棄高樓,Safety zone
1455,249-00,廢棄高樓,PARTY
1456,250-00,廢棄高樓,PARTY
1457,251-00,廢棄高樓,PARTY
1458,252-00,伊米勒研究所入口,PARTY
1459,252-01,伊米勒研究所1,PARTY
1460,252-02,伊米勒研究所2,PARTY
1461,252-03,伊米勒研究所3,PARTY
1462,252-04,伊米勒研究所4,PARTY
1463,252-05,伊米勒研究所5,PARTY
1464,252-06,伊米勒研究所6,PARTY
1465,252-07,伊米勒研究所7,PARTY
1466,252-08,伊米勒研究所8,PARTY
1467,252-09,伊米勒研究所9,PARTY
1468,252-10,伊米勒研究所10,PARTY
1469,252-11,愛麗絲的第四座石塔,Safety zone
1470,253-00,聖誕活動,Safety zone
1471,254-00,深夜餐廳,Single
1472,255-00,大亂鬥,PARTY
1473,256-00,白色教堂後巷1,Field
1474,256-01,白色教堂後巷2,Field
1475,256-02,白色教堂後巷3,Field
1476,257-00,限時闖關精靈樹1,PARTY
1477,257-01,限時闖關精靈樹2,PARTY
1478,257-02,限時闖關精靈樹3,PARTY
1479,257-03,限時闖關精靈樹4,PARTY
1480,257-04,限時闖關精靈樹5,PARTY
1481,257-05,限時闖關精靈樹6,PARTY
1482,257-06,限時闖關精靈樹7,PARTY
1483,257-07,限時闖關精靈樹8,PARTY
1484,258-00,限時闖關金蘭雲系1,PARTY
1485,258-01,限時闖關金蘭雲系2,PARTY
1486,258-02,限時闖關金蘭雲系3,PARTY
1487,258-03,限時闖關金蘭雲系4,PARTY
1488,258-04,限時闖關金蘭雲系5,PARTY
1489,258-05,限時闖關金蘭雲系6,PARTY
1490,258-06,限時闖關金蘭雲系7,PARTY
1491,258-07,限時闖關金蘭雲系8,PARTY
1492,259-00,格鬥場武術大賽會場,Safety zone
1493,260-00,格鬥場獨木橋,Safety zone
1494,261-00,格鬥場延長賽1,Safety zone
1495,262-00,格鬥場延長賽2,Safety zone
1496,263-00,兒童節慶典場地,Safety zone
1497,263-01,兒童節慶典場地大廳,Safety zone
1498,264-00,父母節旅程海邊,Safety zone
1499,265-00,星星好康房間,Safety zone
1500,266-00,華納海姆1,Field
1501,266-01,華納海姆2,Field
1502,266-02,華納海姆3,Field
1503,266-03,華納海姆4,Field
1504,266-04,華納海姆5,Field
1505,266-05,華納海姆2,Field
1506,266-06,華納海姆5,Field
1507,267-00,哥德博物館1層,Field
1508,267-01,哥德博物館1層,Field
1509,268-00,哥德博物館外圍地區,Field
1510,268-01,哥德博物館外圍地區,Field
1511,269-00,哥德博物館2層,Field
1512,269-01,哥德博物館2層,Field
1513,270-00,哥德博物館3層,Field
1514,270-01,哥德博物館3層,Field
1515,271-00,花之路1,PARTY
1516,271-01,花之路2,PARTY
1517,271-02,花之路3,PARTY
1518,271-03,花之路4,PARTY
1519,271-04,花之路5,PARTY
1520,271-05,花之路陷阱房,PARTY
1521,271-06,花之路鑰匙房,PARTY
1522,272-00,月之路1,PARTY
1523,272-01,月之路2,PARTY
1524,272-02,月之路3,PARTY
1525,272-03,月之路4,PARTY
1526,272-04,月之路5,PARTY
1527,272-05,月之路陷阱房1,PARTY
1528,272-06,月之路陷阱房2,PARTY
1529,272-07,月之路陷阱房3,PARTY
1530,272-08,月之路陷阱房4,PARTY
1531,272-09,月之路鑰匙房,PARTY
1532,273-00,夢之路1,PARTY
1533,273-01,夢之路2,PARTY
1534,273-02,夢之路3,PARTY
1535,273-03,夢之路4,PARTY
1536,273-04,夢之路5,PARTY
1537,273-05,夢之路6,PARTY
1538,273-06,夢之路7,PARTY
1539,273-07,夢之路獎勵房1,PARTY
1540,273-08,夢之路獎勵房2,PARTY
1541,273-09,新月祭壇,PARTY
1542,273-10,新月祭壇,PARTY
1543,273-11,新月祭壇,PARTY
1544,273-12,新月祭壇,PARTY
1545,273-13,新月祭壇,PARTY
1546,273-14,新月祭壇,PARTY
1547,273-15,夢之路8,PARTY
1548,273-16,愛麗絲的考驗1,Safety zone
1549,273-17,愛麗絲的考驗2,Safety zone
1550,273-18,愛麗絲的考驗3,Safety zone
1551,273-19,愛麗絲的第十四座石塔,Safety zone
1552,273-20,無限戰鬥,Field
1553,274-00,華納海姆5,Field
1554,274-01,華納海姆5,Field
1555,274-02,華納海姆5,Field
1556,274-03,華納海姆5,Field
1557,275-00,世界樹1,Field
1558,275-01,世界樹2,Field
1559,275-02,世界樹3,Field
1560,275-03,世界樹4,Field
1561,275-04,世界樹5,Field
1562,275-05,世界樹6,Field
1563,275-06,世界樹2,Field
1564,275-07,世界樹2,Field
1565,275-08,世界樹2,Field
1566,276-00,烏勒多的泉水,Single
1567,276-01,烏勒多的泉水,Single
1568,276-02,烏勒多的泉水,Single
1569,276-03,烏勒多的泉水,Single
1570,276-04,烏勒多的泉水,Single
1571,276-05,烏勒多的泉水,Single
1572,277-00,烏勒多的泉水,Field
1573,277-01,烏勒多的泉水,Field
1574,277-02,烏勒多的泉水,Field
1575,278-00,彩虹的末端,Field
1576,278-01,彩虹的末端,Field
1577,278-02,彩虹的末端,Field
1578,278-03,彩虹的末端,Field
1579,278-04,彩虹的末端,Field
1580,278-05,彩虹的末端,Field
1581,278-06,彩虹的末端,Field
1582,278-07,彩虹的末端,Field
1583,278-08,彩虹的末端,Field
1584,278-09,彩虹的末端,Field
1585,278-10,彩虹的末端,Field
1586,278-11,貝羅斯村莊,Field
1587,279-00,彩虹的末端,Single
1588,279-01,彩虹的末端,Single
1589,279-02,彩虹的末端,Single
1590,279-03,彩虹的末端,Single
1591,279-04,彩虹的末端,Single
1592,279-05,彩虹的末端,Single
1593,279-06,彩虹的末端,Single
1594,279-07,彩虹的末端,Single
1595,279-08,彩虹的末端,Single
1596,279-09,彩虹的末端,Single
1597,280-00,彩虹的末端,Field
1598,280-01,彩虹的末端,Field
1599,280-02,彩虹的末端,Field
1600,280-03,魔王的內心世界,Field
1601,281-00,異世界,Field
1602,282-00,世界樹的幻影入口1,Field
1603,282-01,世界樹的幻影入口2,Field
1604,282-02,世界樹的幻影入口3,Field
1605,283-00,世界樹的幻影1,PARTY
1606,283-01,世界樹的幻影2,PARTY
1607,283-02,世界樹的幻影3,PARTY
1608,283-03,世界樹的幻影4,PARTY
1609,283-04,世界樹的幻影5,PARTY
1610,283-05,世界樹的幻影6,PARTY
1611,283-06,世界樹的幻影7,PARTY
1612,283-07,世界樹的幻影8,PARTY
1613,283-08,世界樹的幻影9,PARTY
1614,283-09,世界樹的幻影10,PARTY
1615,283-10,愛麗絲的第五座石塔,Safety zone
1616,284-00,彩虹的末端,PARTY
1617,284-01,彩虹的末端,PARTY
1618,285-00,地鐵站,PARTY
1619,285-01,地鐵站,PARTY
1620,286-00,吉恩蒂亞公園大廳,Field
1621,286-01,未知的倉庫地下1層,Field
1622,286-02,未知的倉庫地下2層,Field
1623,286-03,未知的倉庫地下3層,Field
1624,286-04,未知的倉庫地下4層,Field
1625,286-05,未知的倉庫地下5層,Field
1626,286-06,未知的倉庫地下6層,Field
1627,287-00,無樹平原1,Field
1628,287-01,無樹平原2,Field
1629,287-02,無樹平原3,Field
1630,287-03,無樹平原4,Field
1631,287-04,無樹平原5,Field
1632,287-05,無樹平原6,Field
1633,287-06,火山地帶1,Field
1634,287-07,火山地帶2,Field
1635,287-08,火山地帶3,Field
1636,287-09,火山地帶4,Field
1637,288-00,冒險家的殿堂1,Single
1638,288-01,冒險家的殿堂2,Single
1639,288-02,冒險家的殿堂3,Single
1640,288-03,冒險家的殿堂4,Single
1641,288-04,冒險家的殿堂5,Single
1642,288-05,冒險家的殿堂6,Single
1643,289-00,櫻樹湖畔7,PARTY
1644,289-01,櫻樹湖畔7,PARTY
1645,289-02,櫻樹湖畔7,PARTY
1646,289-03,櫻樹湖畔7,PARTY
1647,289-04,櫻樹湖畔7,PARTY
1648,289-05,安靜的湖畔,Field
1649,290-00,記憶的紀錄,Field
1650,290-01,記憶的紀錄,Field
1651,290-02,記憶的紀錄,Field
1652,290-03,記憶的紀錄,Field
1653,290-04,記憶的紀錄,Field
1654,290-05,記憶的紀錄,Field
1655,291-00,植物園1,Field
1656,291-01,植物園2,Field
1657,291-02,植物園3,Field
1658,291-03,植物園4,Field
1659,291-04,植物園5,Field
1660,291-05,植物園6,Field
1661,291-06,秘密倉庫1,Field
1662,291-07,秘密倉庫2,Field
1663,291-08,秘密倉庫3,Field
1664,291-09,秘密倉庫4,Field
1665,292-00,火山地帶1,Single
1666,292-01,火山地帶2,Single
1667,292-02,火山地帶3,Single
1668,292-03,火山地帶4,Single
1669,292-04,火山地帶5,Single
1670,292-05,火山地帶6,Single
1671,292-06,愛麗絲的第三座石塔,Safety zone
1672,293-00,白色平原,Single
1673,293-01,白色平原,Single
1674,293-02,白色平原,Single
1675,293-03,白色平原,Single
1676,293-04,白色平原,Single
1677,293-05,白色平原,Single
1678,293-06,白色平原,Single
1679,293-07,白色平原,Single
1680,293-08,白色平原,Single
1681,293-09,白色平原,Single
1682,293-10,白色平原,Single
1683,293-11,白色平原,Single
1684,293-12,白色平原,Single
1685,293-13,白色平原,Single
1686,293-14,白色平原,Single
1687,293-15,白色平原,Single
1688,293-16,白色平原,Single
1689,293-17,白色平原,Single
1690,293-18,白色平原,Single
1691,293-19,白色平原,Single
1692,293-20,白色平原,Single
1693,293-21,白色平原,Single
1694,293-22,白色平原,Single
1695,293-23,白色平原,Single
1696,293-24,白色平原,Single
1697,293-25,白色平原,Single
1698,293-26,白色平原,Single
1699,293-27,白色平原,Single
1700,293-28,白色平原,Single
1701,294-00,吉恩蒂亞倉庫1,Single
1702,294-01,吉恩蒂亞倉庫2,Single
1703,294-02,吉恩蒂亞倉庫3,Single
1704,294-03,吉恩蒂亞倉庫4,Single
1705,294-04,吉恩蒂亞倉庫5,Single
1706,294-05,吉恩蒂亞倉庫6,Single
1707,294-06,匠人的倉庫地區,Field
1708,295-00,住宅區,Safety zone
1709,295-01,商店街,Safety zone
1710,295-02,校門口,Safety zone
1711,295-03,教室,Safety zone
1712,295-04,住宅區,Safety zone
1713,295-05,住宅區,Safety zone
1714,295-06,上學路,Safety zone
1715,295-07,商店街,Safety zone
1716,295-08,校門口,Safety zone
1717,295-09,校門口,Safety zone
1718,295-10,教室,Safety zone
1719,295-11,教室,Safety zone
1720,295-12,雷比的教室,Safety zone
1721,295-13,卡茲諾的教室,Safety zone
1722,296-00,奇怪的夜晚,Field
1723,296-01,奇怪的夜晚,Field
1724,296-02,奇怪的夜晚,Field
1725,296-03,奇怪的夜晚,Field
1726,296-04,奇怪的夜晚,Field
1727,296-05,奇怪的夜晚,Field
1728,296-06,考試日的校門,Field
1729,297-00,迷宮教室入口,PARTY
1730,297-01,1年級走廊,PARTY
1731,297-02,2年級走廊,PARTY
1732,297-03,3年級走廊,PARTY
1733,297-04,學生會走廊,PARTY
1734,297-05,迷宮教室5,PARTY
1735,297-06,迷宮教室6,PARTY
1736,297-07,迷宮教室7,PARTY
1737,297-08,迷宮教室8,PARTY
1738,297-09,迷宮教室9,PARTY
1739,297-10,學生會教室,PARTY
1740,297-11,迷宮教室11,PARTY
1741,297-12,迷宮教室12,PARTY
1742,297-13,迷宮教室13,PARTY
1743,297-14,1-1班,PARTY
1744,297-15,2-1班,PARTY
1745,297-16,3-1班,PARTY
1746,297-17,迷宮教室17,PARTY
1747,297-18,迷宮教室18,PARTY
1748,297-19,迷宮教室入口,PARTY
1749,297-20,迷宮教室1,PARTY
1750,297-21,迷宮教室2,PARTY
1751,297-22,迷宮教室3,PARTY
1752,297-23,迷宮教室4,PARTY
1753,297-24,迷宮教室5,PARTY
1754,297-25,迷宮教室6,PARTY
1755,297-26,迷宮教室7,PARTY
1756,297-27,迷宮教室8,PARTY
1757,297-28,迷宮教室9,PARTY
1758,297-29,迷宮教室入口,PARTY
1759,297-30,迷宮教室入口,PARTY
1760,297-31,迷宮教室入口,PARTY
1761,297-32,1-2班,PARTY
1762,297-33,2-2班,PARTY
1763,297-34,3-2班,PARTY
1764,297-35,學生會教室,PARTY
1765,297-36,學生會教室,PARTY
1766,297-37,學生會教室,PARTY
1767,297-38,迷宮教室入口,PARTY
1768,297-39,迷宮教室入口,PARTY
1769,297-40,迷宮教室入口,PARTY
1770,297-41,最終試場,Single
1771,297-42,集中的時間,Single
1772,297-43,集中的時間,Single
1773,297-44,集中的時間,Single
1774,297-45,集中的時間,Single
1775,297-46,測試完成,Single
1776,298-00,我的房間,Field
1777,298-01,我的房間,Field
1778,298-02,我的房間,Field
1779,298-03,我的房間,Field
1780,299-00,我的房間,PARTY
1781,299-01,我的房間,PARTY
1782,299-02,我的房間,PARTY
1783,299-03,我的房間,PARTY
1784,300-00,白日夢住宅區,PARTY
1785,300-01,商店街,PARTY
1786,300-02,校門口,PARTY
1787,300-03,教室,PARTY
1788,300-04,空蕩商店街,Field
1789,301-00,怪物無理的襲擊！,PARTY
1790,301-01,奇怪的夜晚,PARTY
1791,301-02,奇怪的夜晚,PARTY
1792,302-00,怪物無理的襲擊！,PARTY
1793,302-01,奇怪的夜晚,PARTY
1794,302-02,奇怪的夜晚,PARTY
1795,302-03,仲夏夜的夜市,Field
1796,303-00,怪物無理的襲擊！,PARTY
1797,303-01,奇怪的夜晚,PARTY
1798,303-02,奇怪的夜晚,PARTY
1799,304-00,珊瑚森林1,Field
1800,304-01,珊瑚森林2,Field
1801,304-02,珊瑚森林3,Field
1802,304-03,珊瑚森林4,Field
1803,304-04,珊瑚森林5,Field
1804,304-05,珊瑚森林6,Field
1805,305-00,青空城大廳,Field
1806,306-00,石英洞窟1,Field
1807,306-01,石英洞窟2,Field
1808,306-02,石英洞窟3,Field
1809,306-03,石英洞窟4,Field
1810,307-00,暴風監視者廢墟1,Field
1811,307-01,暴風監視者廢墟2,Field
1812,307-02,暴風監視者廢墟3,Field
1813,307-03,暴風監視者廢墟4,Field
1814,307-04,暴風監視者廢墟5,Field
1815,308-00,奧斯古拉斯臨時駐地,Safety zone
1816,309-00,彼翠樹林1,Field
1817,309-01,彼翠樹林2,Field
1818,309-02,彼翠樹林3,Field
1819,309-03,彼翠樹林4,Field
1820,309-04,彼翠樹林5,Field
1821,310-00,青空城羅馬競技場,PARTY
1822,310-01,青空城羅馬競技場,PARTY
1823,310-02,青空城羅馬競技場,PARTY
1824,310-03,青空城羅馬競技場,PARTY
1825,310-04,青空城羅馬競技場,PARTY
1826,310-05,愛麗絲的第六座石塔,Safety zone
1827,310-06,愛麗絲的第十座石塔,Safety zone
1828,311-00,古代修練場1,Field
1829,312-00,古代修練場2,Single
1830,313-00,吉納蒂亞聖地前,Field
1831,314-00,吉納蒂亞聖地,Single
1832,315-00,奧爾卡的領域1,Field
1833,316-00,奧爾卡的領域2,Single
1834,317-00,奧爾卡的領域1,Field
1835,318-00,奧爾卡的領域2,Single
1836,319-00,石英洞窟深處,Single
1837,319-01,石英洞窟深處,Single
1838,319-02,石英洞窟深處,Single
1839,319-03,石英洞窟深處,Single
1840,319-04,石英洞窟深處,Single
1841,319-05,石英洞窟深處,Single
1842,320-00,時空連結,Field
1843,321-00,紅高粱地∼深淵∼1,Field
1844,321-01,紅高粱地∼深淵∼2,Field
1845,321-02,紅高粱地∼深淵∼3,Field
1846,321-03,紅高粱地∼深淵∼4,Field
1847,321-04,紅高粱地∼深淵∼5,Field
1848,322-00,龍祭城1,Field
1849,322-01,龍祭城2,Field
1850,322-02,龍祭城3,Field
1851,322-03,龍祭城4,Field
1852,322-04,龍祭城5,Field
1853,323-00,月華院1,PARTY
1854,323-01,月華院2,PARTY
1855,323-02,月華院3,PARTY
1856,323-03,月華院4,PARTY
1857,323-04,月華院5,PARTY
1858,323-05,月華院6,PARTY
1859,323-06,月華院7,PARTY
1860,323-07,月華院8,PARTY
1861,323-08,月華院9,PARTY
1862,323-09,月華院10,PARTY
1863,323-10,月華院11,PARTY
1864,323-11,月華院12,PARTY
1865,324-00,龍皇城1,PARTY
1866,324-01,龍皇城2,PARTY
1867,324-02,龍皇城3,PARTY
1868,324-03,龍皇城4,PARTY
1869,324-04,龍皇城5,PARTY
1870,324-05,龍皇城6,PARTY
1871,324-06,龍皇城7,PARTY
1872,324-07,龍皇城8,PARTY
1873,324-08,龍皇城9,PARTY
1874,324-09,龍皇城10,PARTY
1875,324-10,龍皇城11,PARTY
1876,324-11,龍皇城11,PARTY
1877,324-12,龍皇城12,PARTY
1878,324-13,燃燒的龍皇城,PARTY
1879,324-14,燃燒的龍皇城,PARTY
1880,324-15,燃燒的龍皇城,PARTY
1881,325-00,未知的倉庫,Single
1882,325-01,未知的倉庫,Single
1883,325-02,未知的倉庫,Single
1884,325-03,未知的倉庫,Single
1885,325-04,未知的倉庫,Single
1886,325-05,未知的倉庫,Single
1887,325-06,未知的倉庫,Single
1888,325-07,未知的倉庫,Single
1889,325-08,未知的倉庫,Single
1890,325-09,未知的倉庫,Single
1891,325-10,未知的倉庫,Single
1892,325-11,未知的倉庫,Single
1893,325-12,未知的倉庫,Single
1894,325-13,未知的倉庫,Single
1895,325-14,未知的倉庫,Single
1896,325-15,未知的倉庫,Single
1897,325-16,未知的倉庫,Single
1898,325-17,未知的倉庫,Single
1899,325-18,未知的倉庫,Single
1900,325-19,未知的倉庫,Single
1901,325-20,未知的倉庫,Single
1902,325-21,未知的倉庫,Single
1903,325-22,未知的倉庫,Single
1904,325-23,未知的倉庫,Single
1905,325-24,未知的倉庫,Single
1906,325-25,未知的倉庫,Single
1907,325-26,未知的倉庫,Single
1908,325-27,未知的倉庫,Single
1909,325-28,未知的倉庫,Single
1910,325-29,未知的倉庫,Single
1911,325-30,愛麗絲的第七座石塔,Safety zone
1912,326-00,未知的倉庫,Single
1913,326-01,未知的倉庫,Single
1914,326-02,未知的倉庫,Single
1915,326-03,未知的倉庫,Single
1916,326-04,未知的倉庫,Single
1917,326-05,未知的倉庫,Single
1918,326-06,未知的倉庫,Single
1919,326-07,未知的倉庫,Single
1920,326-08,未知的倉庫,Single
1921,326-09,未知的倉庫,Single
1922,326-10,未知的倉庫,Single
1923,326-11,未知的倉庫,Single
1924,326-12,未知的倉庫,Single
1925,326-13,未知的倉庫,Single
1926,326-14,未知的倉庫,Single
1927,326-15,未知的倉庫,Single
1928,326-16,未知的倉庫,Single
1929,326-17,未知的倉庫,Single
1930,326-18,未知的倉庫,Single
1931,326-19,未知的倉庫,Single
1932,326-20,未知的倉庫,Single
1933,326-21,未知的倉庫,Single
1934,326-22,未知的倉庫,Single
1935,326-23,未知的倉庫,Single
1936,326-24,未知的倉庫,Single
1937,326-25,未知的倉庫,Single
1938,326-26,未知的倉庫,Single
1939,326-27,未知的倉庫,Single
1940,326-28,未知的倉庫,Single
1941,326-29,未知的倉庫,Single
1942,326-30,愛麗絲的第七座石塔,Safety zone
1943,327-00,未知的倉庫,Single
1944,327-01,未知的倉庫,Single
1945,327-02,未知的倉庫,Single
1946,327-03,未知的倉庫,Single
1947,327-04,未知的倉庫,Single
1948,327-05,未知的倉庫,Single
1949,327-06,未知的倉庫,Single
1950,327-07,未知的倉庫,Single
1951,327-08,未知的倉庫,Single
1952,327-09,未知的倉庫,Single
1953,327-10,未知的倉庫,Single
1954,327-11,未知的倉庫,Single
1955,327-12,未知的倉庫,Single
1956,327-13,未知的倉庫,Single
1957,327-14,未知的倉庫,Single
1958,327-15,未知的倉庫,Single
1959,327-16,未知的倉庫,Single
1960,327-17,未知的倉庫,Single
1961,327-18,未知的倉庫,Single
1962,327-19,未知的倉庫,Single
1963,327-20,未知的倉庫,Single
1964,327-21,未知的倉庫,Single
1965,327-22,未知的倉庫,Single
1966,327-23,未知的倉庫,Single
1967,327-24,未知的倉庫,Single
1968,327-25,未知的倉庫,Single
1969,327-26,未知的倉庫,Single
1970,327-27,未知的倉庫,Single
1971,327-28,未知的倉庫,Single
1972,327-29,未知的倉庫,Single
1973,328-00,未知的倉庫,Single
1974,328-01,未知的倉庫,Single
1975,328-02,未知的倉庫,Single
1976,328-03,未知的倉庫,Single
1977,328-04,未知的倉庫,Single
1978,328-05,未知的倉庫,Single
1979,328-06,未知的倉庫,Single
1980,328-07,未知的倉庫,Single
1981,328-08,未知的倉庫,Single
1982,328-09,未知的倉庫,Single
1983,328-10,未知的倉庫,Single
1984,328-11,未知的倉庫,Single
1985,328-12,未知的倉庫,Single
1986,328-13,未知的倉庫,Single
1987,328-14,未知的倉庫,Single
1988,328-15,未知的倉庫,Single
1989,328-16,未知的倉庫,Single
1990,328-17,未知的倉庫,Single
1991,328-18,未知的倉庫,Single
1992,328-19,未知的倉庫,Single
1993,328-20,未知的倉庫,Single
1994,328-21,未知的倉庫,Single
1995,328-22,未知的倉庫,Single
1996,328-23,未知的倉庫,Single
1997,328-24,未知的倉庫,Single
1998,328-25,未知的倉庫,Single
1999,328-26,未知的倉庫,Single
2000,328-27,未知的倉庫,Single
2001,328-28,未知的倉庫,Single
2002,328-29,未知的倉庫,Single
2003,328-30,愛麗絲的第十三座石塔,Safety zone
2004,329-00,未知的倉庫,Single
2005,329-01,未知的倉庫,Single
2006,329-02,未知的倉庫,Single
2007,329-03,未知的倉庫,Single
2008,329-04,未知的倉庫,Single
2009,329-05,未知的倉庫,Single
2010,329-06,未知的倉庫,Single
2011,329-07,未知的倉庫,Single
2012,329-08,未知的倉庫,Single
2013,329-09,未知的倉庫,Single
2014,329-10,未知的倉庫,Single
2015,329-11,未知的倉庫,Single
2016,329-12,未知的倉庫,Single
2017,329-13,未知的倉庫,Single
2018,329-14,未知的倉庫,Single
2019,329-15,未知的倉庫,Single
2020,329-16,未知的倉庫,Single
2021,329-17,未知的倉庫,Single
2022,329-18,未知的倉庫,Single
2023,329-19,未知的倉庫,Single
2024,329-20,未知的倉庫,Single
2025,329-21,未知的倉庫,Single
2026,329-22,未知的倉庫,Single
2027,329-23,未知的倉庫,Single
2028,329-24,未知的倉庫,Single
2029,329-25,未知的倉庫,Single
2030,329-26,未知的倉庫,Single
2031,329-27,未知的倉庫,Single
2032,329-28,未知的倉庫,Single
2033,329-29,未知的倉庫,Single
2034,330-00,未知的圖書館1,Single
2035,330-01,未知的圖書館2,Single
2036,330-02,未知的圖書館3,Single
2037,331-00,特洛里,Safety zone
2038,332-00,隱藏的洞窟1,PARTY
2039,332-01,隱藏的洞窟2,PARTY
2040,332-02,隱藏的洞窟3,PARTY
2041,332-03,隱藏的洞窟4,PARTY
2042,332-04,隱藏的洞窟5,PARTY
2043,332-05,隱藏的洞窟6,PARTY
2044,332-06,隱藏的洞窟7,PARTY
2045,332-07,隱藏的洞窟8,PARTY
2046,332-08,隱藏的洞窟9,PARTY
2047,332-09,愛麗絲的第八座石塔,Safety zone
2048,333-00,蘑菇森林1,Field
2049,333-01,蘑菇森林2,Field
2050,333-02,蘑菇森林3,Field
2051,333-03,蘑菇森林4,Field
2052,333-04,蘑菇森林5,Field
2053,333-05,蘑菇森林6,Field
2054,333-06,奇幻草原,Safety zone
2055,334-00,毀壞之城1,PARTY
2056,334-01,毀壞之城2,PARTY
2057,334-02,毀壞之城3,PARTY
2058,334-03,毀壞之城4,PARTY
2059,334-04,毀壞之城5,PARTY
2060,334-05,毀壞之城6,PARTY
2061,334-06,毀壞之城7,PARTY
2062,334-07,毀壞之城8,PARTY
2063,334-08,毀壞之城9,PARTY
2064,334-09,毀壞之城10,PARTY
2065,334-10,毀壞之城11,PARTY
2066,335-00,佈滿青苔的小章魚神殿1,Field
2067,335-01,佈滿青苔的小章魚神殿2,Field
2068,335-02,佈滿青苔的小章魚神殿3,Field
2069,335-03,佈滿青苔的小章魚神殿4,Field
2070,335-04,佈滿青苔的小章魚神殿5,Field
2071,335-05,佈滿青苔的小章魚神殿6,Field
2072,335-06,佈滿青苔的小章魚神殿7,Field
2073,335-07,佈滿青苔的小章魚神殿8,Field
2074,336-00,歐若拉森林1,Field
2075,336-01,歐若拉森林2,Field
2076,336-02,歐若拉森林3,Field
2077,336-03,歐若拉森林4,Field
2078,336-04,歐若拉森林5,Field
2079,336-05,歐若拉森林6,Field
2080,337-00,歐若拉庭園1,PARTY
2081,337-01,歐若拉庭園2,PARTY
2082,337-02,歐若拉庭園3,PARTY
2083,337-03,歐若拉庭園4,PARTY
2084,337-04,歐若拉庭園5,PARTY
2085,337-05,歐若拉庭園6,PARTY
2086,337-06,活動3,Safety zone
2087,337-07,活動4,Safety zone
2088,337-08,歐若拉的花園派對,Safety zone
2089,337-09,愛麗絲的第九座石塔,Safety zone
2090,338-00,彩虹夏季狂歡城,Safety zone
2091,338-01,1層活動大廳,Safety zone
2092,338-02,2層活動大廳,Safety zone
2093,338-03,3層活動大廳,Safety zone
2094,338-04,4層活動大廳,Safety zone
2095,338-05,5層活動大廳,Safety zone
2096,338-06,6層活動大廳,Safety zone
2097,338-07,7層活動大廳,Safety zone
2098,338-08,8層活動大廳,Safety zone
2099,338-09,9層活動大廳,Safety zone
2100,338-10,10層活動大廳,Safety zone
2101,338-11,守護春大廳,Safety zone
2102,338-12,守護春,Safety zone
2103,338-13,守護春獎勵,Safety zone
2104,338-14,攻擊在於時機大廳,Safety zone
2105,338-15,攻擊在於時機大廳,Safety zone
2106,338-16,攻擊在於時機獎勵,Safety zone
2107,339-00,自由貿易都市立佩拉,Field
2108,340-00,魔石實驗室大廳,PARTY
2109,340-01,魔石實驗室地下暗渠1,PARTY
2110,340-02,魔石實驗室地下暗渠2,PARTY
2111,340-03,地下通道,PARTY
2112,340-04,地下通道,PARTY
2113,340-05,地下通道,PARTY
2114,340-06,地下通道,PARTY
2115,340-07,第2實驗室,PARTY
2116,340-08,陷阱,PARTY
2117,340-09,陷阱,PARTY
2118,340-10,陷阱,PARTY
2119,340-11,地下通道2,PARTY
2120,340-12,地下通道3,PARTY
2121,340-13,地下通道4,PARTY
2122,340-14,第1實驗室,PARTY
2123,340-15,第1實驗室,PARTY
2124,340-16,第1實驗室,PARTY
2125,340-17,愛麗絲的第十一座石塔,Safety zone
2126,341-00,立佩拉市政府大廳,PARTY
2127,341-01,立佩拉市政府1層,PARTY
2128,341-02,前往立佩拉市政府2層的樓梯,PARTY
2129,341-03,立佩拉市政府2層大廳,PARTY
2130,341-04,立佩拉市政府市長室,PARTY
2131,341-05,立佩拉市政府市長室,PARTY
2132,341-06,立佩拉市政府市長室,PARTY
2133,342-00,梅林島,Field
2134,342-01,梅林島1,Field
2135,342-02,梅林島2,Field
2136,342-03,梅林島3,Field
2137,342-04,梅林島(副本入口),Field
2138,342-05,梅林島(狩獵地區),Field
2139,343-00,惡魔峽谷1,PARTY
2140,343-01,惡魔峽谷2,PARTY
2141,343-02,惡魔峽谷3,PARTY
2142,343-03,惡魔峽谷4,PARTY
2143,343-04,惡魔峽谷5,PARTY
2144,343-05,惡魔峽谷6,PARTY
2145,343-06,惡魔峽谷7,PARTY
2146,343-07,惡魔峽谷8,PARTY
2147,343-08,愛麗絲的第十二座石塔,Safety zone
2148,344-00,惡魔之山1,Field
2149,344-01,惡魔之山2,Field
2150,344-02,惡魔之山3,Field
2151,344-03,惡魔之山4,Field
2152,345-00,神秘的殿堂1,PARTY
2153,345-01,神秘的殿堂2,PARTY
2154,345-02,神秘的殿堂3,PARTY
2155,345-03,神秘的殿堂,PARTY
2156,345-04,神秘的殿堂,PARTY
2157,345-05,神秘的殿堂,PARTY
2158,345-06,神秘的殿堂,PARTY
2159,345-07,神秘的殿堂,PARTY
2160,345-08,神秘的殿堂,PARTY
2161,345-09,神秘的殿堂10,PARTY
2162,345-10,神秘的殿堂11,PARTY
2163,345-11,神秘的殿堂12,PARTY
2164,346-00,收復軍臨時駐地,Safety zone
2165,347-00,賽蕾斯的神殿路口1,Field
2166,347-01,賽蕾斯的神殿路口2,Field
2167,347-02,賽蕾斯的神殿路口3,Field
2168,347-03,賽蕾斯的神殿路口4,Field
2169,348-00,賽蕾斯的神殿內部1,Field
2170,348-01,賽蕾斯的神殿內部2,Field
2171,348-02,賽蕾斯的神殿內部3,Field
2172,348-03,賽蕾斯的神殿內部4,Field
2173,349-00,神聖的教堂1,PARTY
2174,349-01,神聖的教堂2,PARTY
2175,349-02,神聖的教堂3,PARTY
2176,349-03,神聖的教堂4,PARTY
2177,349-04,神聖的教堂5,PARTY
2178,349-05,神聖的教堂6,PARTY
2179,349-06,神聖的教堂7,PARTY
2180,349-07,神聖的教堂8,PARTY
2181,349-08,神聖的教堂9,PARTY
2182,349-09,神聖的教堂10,PARTY
2183,349-10,神聖的教堂11,PARTY
2184,349-11,神聖的教堂12,PARTY
2185,349-12,神聖的教堂13,PARTY
2186,349-13,神聖的教堂14,PARTY
2187,349-14,神聖的教堂15,PARTY
2188,350-00,巧克力花園1,PARTY
2189,350-01,巧克力花園2,PARTY
2190,350-02,巧克力花園3,PARTY
2191,350-03,巧克力花園4,PARTY
2192,350-04,巧克力花園5,PARTY
2193,350-05,巧克力花園大廳,PARTY
2194,350-06,巧克力花園獎勵,PARTY
2195,351-00,啤酒儲藏室,PARTY
2196,351-01,食物儲藏室,PARTY
2197,351-02,小矮人飛空艇甲板,PARTY
2198,351-03,小矮人飛空艇尾端,PARTY
2199,351-04,第1記錄室,PARTY
2200,351-05,小矮人飛空艇船艙,PARTY
2201,351-06,第2記錄室,PARTY
2202,351-07,小矮人飛空艇船尾,PARTY
2203,351-08,小矮人飛空艇船尾,PARTY
2204,351-09,小矮人飛空艇船尾,PARTY
2205,352-00,扭曲的世界樹1,PARTY
2206,352-01,扭曲的世界樹2,PARTY
2207,352-02,扭曲的世界樹3,PARTY
2208,352-03,扭曲的世界樹4,PARTY
2209,352-04,扭曲的世界樹5,PARTY
2210,352-05,扭曲的世界樹6,PARTY
2211,353-00,亞奇城1,Field
2212,353-01,亞奇城2,Field
2213,353-02,亞奇城3,Field
2214,353-03,亞奇城4,Field
2215,354-00,猶忒王國首都1,Field
2216,354-01,猶忒王國首都2,Field
2217,354-02,猶忒王國首都3,Field
2218,354-03,猶忒王國首都4,Field
2219,354-04,猶忒王國首都5,Field
2220,355-00,猶忒王國東部國境地帶,Safety zone
2221,356-00,太陽宮殿1,PARTY
2222,356-01,太陽宮殿2,PARTY
2223,356-02,太陽宮殿3,PARTY
2224,356-03,太陽宮殿4,PARTY
2225,356-04,太陽宮殿5,PARTY
2226,356-05,太陽宮殿6,PARTY
2227,357-00,太陽神的地下祭壇1,PARTY
2228,357-01,太陽神的地下祭壇2,PARTY
2229,357-02,太陽神的地下祭壇3,PARTY
2230,357-03,太陽神的地下祭壇4,PARTY
2231,357-04,太陽神的地下祭壇5,PARTY
2232,357-05,太陽神的地下祭壇6,PARTY
2233,357-06,太陽神的地下祭壇7,PARTY
2234,357-07,太陽神的地下祭壇8,PARTY
2235,357-08,太陽神的地下祭壇9,PARTY
2236,357-09,太陽神的地下祭壇10,PARTY
2237,357-10,太陽神的地下祭壇11,PARTY
2238,357-11,太陽神的地下祭壇11,PARTY
2239,358-00,東方大陸某沙漠1,Safety zone
2240,358-01,東方大陸某沙漠2,Safety zone
2241,358-02,太陽沉睡之處1,Safety zone
2242,358-03,太陽沉睡之處2,Safety zone
2243,358-04,火神秘密祭壇1,Safety zone
2244,358-05,火神秘密祭壇2,Safety zone
2245,358-06,吉恩蒂亞神秘森林,Safety zone
2246,358-07,小矮人飛空艇,Safety zone
2247,358-08,小矮人飛空艇,Safety zone
2248,359-00,彩虹島奇遇,Safety zone
2249,360-00,黃金海岸1,Field
2250,360-01,黃金海岸2,Field
2251,360-02,黃金海岸3,Field
2252,360-03,黃金海岸4,Field
2253,360-04,黃金海岸5,Field
2254,360-05,海邊防禦1,Single
2255,360-06,海邊防禦2,Single
2256,360-07,海邊防禦3,Single
2257,360-08,海邊防禦獎勵,Single
2258,361-00,黃金洞穴1,PARTY
2259,361-01,黃金洞穴2,PARTY
2260,361-02,黃金洞穴3,PARTY
2261,361-03,黃金洞穴4,PARTY
2262,361-04,黃金洞穴5,PARTY
2263,361-05,黃金洞穴6,PARTY
2264,361-06,黃金洞穴7,PARTY
2265,361-07,黃金洞穴8,PARTY
2266,362-00,日落森林1,PARTY
2267,362-01,日落森林2,PARTY
2268,362-02,日落森林3,PARTY
2269,362-03,日落森林4,PARTY
2270,362-04,日落森林5,PARTY
2271,362-05,日落森林6,PARTY
2272,363-00,第51層未知的倉庫,Single
2273,363-01,第51層未知的倉庫,Single
2274,363-02,第51層未知的倉庫,Single
2275,363-03,第51層未知的倉庫,Single
2276,363-04,第51層未知的倉庫,Single
2277,363-05,第51層未知的倉庫獎勵房,Single
2278,364-00,第52層未知的倉庫,Single
2279,364-01,第52層未知的倉庫,Single
2280,364-02,第52層未知的倉庫,Single
2281,364-03,第52層未知的倉庫,Single
2282,364-04,第52層未知的倉庫,Single
2283,364-05,第52層未知的倉庫獎勵房,Single
2284,365-00,第53層未知的倉庫,Single
2285,365-01,第53層未知的倉庫,Single
2286,365-02,第53層未知的倉庫,Single
2287,365-03,第53層未知的倉庫,Single
2288,365-04,第53層未知的倉庫,Single
2289,365-05,第53層未知的倉庫獎勵房,Single
2290,366-00,第54層未知的倉庫,Single
2291,366-01,第54層未知的倉庫,Single
2292,366-02,第54層未知的倉庫,Single
2293,366-03,第54層未知的倉庫,Single
2294,366-04,第54層未知的倉庫,Single
2295,366-05,第54層未知的倉庫獎勵房,Single
2296,367-00,第55層未知的倉庫,Single
2297,367-01,第55層未知的倉庫,Single
2298,367-02,第55層未知的倉庫,Single
2299,367-03,第55層未知的倉庫,Single
2300,367-04,第55層未知的倉庫,Single
2301,367-05,第55層未知的倉庫獎勵房,Single
2302,368-00,魯曼,Safety zone
2303,368-01,魯曼聯盟本部,Safety zone
2304,368-02,魯曼聯盟本部,Single
2305,368-03,修練森林,Single
2306,369-00,寶石樹森林1,PARTY
2307,369-01,寶石樹森林2,PARTY
2308,369-02,寶石樹森林3,PARTY
2309,369-03,寶石樹森林4,PARTY
2310,369-04,寶石樹森林5,PARTY
2311,369-05,寶石樹森林6,PARTY
2312,369-06,寶石樹森林7,PARTY
2313,369-07,寶石樹森林8,PARTY
2314,369-08,寶石樹森林9,PARTY
2315,369-09,寶石樹森林10,PARTY
2316,369-10,寶石樹森林獎勵房,PARTY
2317,369-11,寶石樹森林獎勵房,PARTY
2318,370-00,白煤峽谷1,Field
2319,370-01,白煤峽谷2,Field
2320,370-02,白煤峽谷3,Field
2321,370-03,白煤峽谷4,Field
2322,370-04,白煤峽谷5,Field
2323,371-00,瀑布樹森林1,PARTY
2324,371-01,瀑布樹森林2,PARTY
2325,371-02,破損的精靈之家,PARTY
2326,371-03,瀑布樹森林3,PARTY
2327,371-04,瀑布樹森林4,PARTY
2328,371-05,破損的精靈長老之家,PARTY
2329,371-06,瀑布樹森林5,PARTY
2330,371-07,瀑布樹森林6,PARTY
2331,371-08,瀑布樹森林7,PARTY
2332,372-00,春植島紀念館1,PARTY
2333,372-01,春植島紀念館2,PARTY
2334,372-02,春植島紀念館3,PARTY
2335,372-03,春植島紀念館4,PARTY
2336,373-00,玩偶小徑1,Field
2337,373-01,玩偶小徑2,Field
2338,373-02,玩偶小徑3,Field
2339,373-03,玩偶小徑4,Field
2340,374-00,冰淇淋庭園1,PARTY
2341,374-01,冰淇淋庭園2,PARTY
2342,374-02,冰淇淋庭園3,PARTY
2343,374-03,冰淇淋庭園4,PARTY
2344,374-04,冰淇淋庭園5,PARTY
2345,374-05,冰淇淋庭園6,PARTY
2346,374-06,冰淇淋庭園7,PARTY
2347,374-07,冰淇淋庭園8,PARTY
2348,374-08,冰淇淋庭園9,PARTY
2349,374-09,冰淇淋庭園10,PARTY
2350,374-10,冰淇淋庭園11,PARTY
2351,375-00,春植島大廳,Safety zone
2352,376-00,幻影毒霧沼澤,Single
2353,376-01,幻影毒霧沼澤,Single
2354,377-00,幻影毒霧沼澤,PARTY
2355,377-01,幻影毒霧沼澤1,PARTY
2356,377-02,幻影毒霧沼澤2,PARTY
2357,377-03,幻影毒霧沼澤3,PARTY
2358,377-04,幻影毒霧沼澤4,PARTY
2359,377-05,幻影毒霧沼澤,PARTY
2360,377-06,幻影毒霧沼澤,PARTY
2361,377-07,暗黑幻影之路,PARTY
2362,377-08,寂靜的貝羅斯,PARTY
2363,377-09,貝希摩斯巷道,PARTY
2364,377-10,異世界,PARTY
2365,377-11,混沌之路,PARTY
2366,377-12,混沌的盡頭,PARTY
2367,377-13,獎勵房,PARTY
2368,377-14,獎勵房,PARTY
2369,377-15,幻影毒霧沼澤4,Single
2370,377-16,混沌的盡頭,Single
2371,377-17,混沌的盡頭,Single
2372,377-18,混沌的盡頭,Single
2373,378-00,SUMMER FESTIVAL,Safety zone
2374,379-00,浮游島,PARTY
2375,379-01,浮游島路口,PARTY
2376,379-02,浮游島入口,PARTY
2377,379-03,浮游島訓練地1,PARTY
2378,379-04,浮游島訓練地2,PARTY
2379,379-05,浮游島修練場1,PARTY
2380,379-06,浮游島陷阱房1,PARTY
2381,379-07,浮游島修練場2,PARTY
2382,379-08,浮游島陷阱房2,PARTY
2383,379-09,浮游島修練場3,PARTY
2384,379-10,浮游島戰鬥場,PARTY
2385,379-11,獎勵房,PARTY
2386,379-12,獎勵房,Single
2387,379-13,危險的修練場,Field
2388,379-14,驚險的修練場,Field
2389,379-15,可怕的修練場,Field
2390,379-16,慘烈的修練場,Field
2391,379-17,修練結果,Field
2392,379-18,修練結果,Field
2393,380-00,修練森林1,Field
2394,380-01,修練森林2,Field
2395,380-02,修練森林3,Field
2396,380-03,修練森林4,Field
2397,380-04,修練森林5,Field
2398,381-00,珊瑚之城1,Field
2399,381-01,珊瑚之城2,Field
2400,381-02,珊瑚之城3,Field
2401,381-03,珊瑚之城4,Field
2402,382-00,珊瑚之歌1,PARTY
2403,382-01,珊瑚之歌2,PARTY
2404,382-02,珊瑚之歌3,PARTY
2405,382-03,珊瑚之歌4,PARTY
2406,382-04,珊瑚之歌5,PARTY
2407,382-05,珊瑚之歌6,PARTY
2408,382-06,珊瑚之歌7,PARTY
2409,382-07,珊瑚之歌8,PARTY
2410,382-08,珊瑚之歌9,PARTY
2411,383-00,閃亮深淵,PARTY
2412,383-01,閃亮深淵,PARTY
2413,383-02,閃亮深淵,PARTY
2414,383-03,閃亮深淵,PARTY
2415,383-04,閃亮深淵,PARTY
2416,383-05,閃亮深淵,PARTY
2417,383-06,閃亮深淵,PARTY
2418,383-07,閃亮深淵,PARTY
2419,383-08,閃亮深淵,PARTY
2420,383-09,閃亮深淵,PARTY
2421,383-10,閃亮深淵,PARTY
2422,383-11,閃亮深淵,PARTY
2423,383-12,閃亮深淵,PARTY
2424,384-00,冰封的世界,PARTY
2425,384-01,冰封的世界,PARTY
2426,384-02,冰封的世界,PARTY
2427,384-03,冰封的世界,PARTY
2428,384-04,冰封的世界,PARTY
2429,384-05,冰封的世界,PARTY
2430,384-06,冰封的世界,PARTY
2431,384-07,冰封的世界,PARTY
2432,384-08,冰封的世界,PARTY
2433,384-09,冰封的世界,PARTY
2434,384-10,冰封的世界,PARTY
2435,384-11,冰封的世界,PARTY
2436,384-12,冰封的世界,PARTY
2437,384-13,冰封的世界,PARTY
2438,385-00,灰色村莊,Safety zone
2439,386-00,燃燒的都市1,Field
2440,386-01,燃燒的都市2,Field
2441,386-02,燃燒的都市3,Field
2442,386-03,燃燒的都市4,Field
2443,387-00,混沌峽谷,PARTY
2444,387-01,混沌峽谷,PARTY
2445,387-02,混沌峽谷,PARTY
2446,387-03,混沌峽谷,PARTY
2447,387-04,混沌峽谷,PARTY
2448,387-05,混沌峽谷,PARTY
2449,387-06,混沌峽谷,PARTY
2450,387-07,混沌峽谷,PARTY
2451,387-08,混沌峽谷,PARTY
2452,387-09,混沌峽谷,PARTY
2453,388-00,亞瑪倫沙漠1,Field
2454,388-01,亞瑪倫沙漠2,Field
2455,388-02,亞瑪倫沙漠3,Field
2456,388-03,亞瑪倫沙漠4,Field
2457,389-00,安息之地,PARTY
2458,389-01,安息之地1,PARTY
2459,389-02,安息之地2,PARTY
2460,389-03,安息之地3,PARTY
2461,389-04,安息之地4,PARTY
2462,389-05,安息之地5,PARTY
2463,389-06,安息之地6,PARTY
2464,389-07,安息之地7,PARTY
2465,389-08,安息之地8,PARTY
2466,390-00,拉的城堡,PARTY
2467,390-01,拉的城堡1,PARTY
2468,390-02,拉的城堡2,PARTY
2469,390-03,拉的城堡3,PARTY
2470,390-04,拉的城堡4,PARTY
2471,390-05,拉的城堡5,PARTY
2472,390-06,拉的城堡6,PARTY
2473,390-07,拉的城堡7,PARTY
2474,391-00,挑戰！魯曼,Single
2475,391-01,挑戰！艾利亞斯,Single
2476,391-02,挑戰！聯合公會,Single
2477,391-03,挑戰！魯曼,Single
2478,392-00,挑戰！蛇龍巢穴,Single
2479,392-01,挑戰！人面獅身,Single
2480,392-02,挑戰！香格里拉,Single
2481,392-03,挑戰！已冷卻的心臟,Single
2482,392-04,挑戰！已冷卻的心臟,Single
2483,392-05,挑戰！已冷卻的心臟,Single
2484,393-00,挑戰！山林地帶,Single
2485,393-01,挑戰！古木森林,Single
2486,393-02,挑戰！植物園,Single
2487,394-00,挑戰！地鐵站,Single
2488,395-00,挑戰！羅馬競技場,Single
2489,396-00,挑戰！選擇的教堂,Single
2490,396-01,挑戰！神聖的教堂,Single
2491,396-02,挑戰！神聖的教堂,Single
2492,396-03,挑戰！神聖的教堂,Single
2493,396-04,挑戰！神聖的教堂,Single
2494,397-00,挑戰！水晶礦場,Single
2495,397-01,挑戰！水晶礦場,Single
2496,397-02,挑戰！水晶礦場,Single
2497,397-03,挑戰！水晶礦場,Single
2498,397-04,挑戰！水晶礦場,Single
2499,398-00,挑戰！山林礦場,Single
2500,399-00,挑戰！礦工的礦場,Single
2501,399-01,挑戰！礦工的礦場,Single
2502,400-00,挑戰！爬呀爬大樹,Single
2503,401-00,挑戰！超級瑪琍,Single
2504,402-00,塔爾達洛斯,Safety zone
2505,403-00,挑戰！彭哥列列車,Single
2506,403-01,挑戰！彭哥列列車,Single
2507,403-02,挑戰！彭哥列列車,Single
2508,403-03,挑戰！彭哥列列車,Single
2509,403-04,挑戰！彭哥列列車,Single
2510,404-00,挑戰！鐵人3項競技,Single
2511,404-01,挑戰！鐵人3項競技,Single
2512,404-02,挑戰！鐵人3項競技,Single
2513,405-00,地下都市工地1,Field
2514,405-01,地下都市工地2,Field
2515,405-02,地下都市工地3,Field
2516,405-03,地下都市工地4,Field
2517,406-00,超人紀念館1,PARTY
2518,406-01,超人紀念館2,PARTY
2519,406-02,超人紀念館3,PARTY
2520,406-03,超人紀念館4,PARTY
2521,406-04,超人紀念館5,PARTY
2522,406-05,超人紀念館6,PARTY
2523,406-06,超人紀念館7,PARTY
2524,406-07,超人紀念館8,PARTY
2525,407-00,Latale On Stage,Safety zone
2526,408-00,地獄房間,PARTY
2527,408-01,地獄房間1,PARTY
2528,408-02,地獄房間2,PARTY
2529,408-03,地獄房間3,PARTY
2530,408-04,地獄房間4,PARTY
2531,408-05,地獄房間5,PARTY
2532,408-06,地獄房間6,PARTY
2533,408-07,地獄房間7,PARTY
2534,408-08,地獄房間8,PARTY
2535,408-09,地獄房間,PARTY
2536,408-10,地獄房間,PARTY
2537,408-11,地獄房間,PARTY
2538,409-00,討伐！機器耶比等候室,Single
2539,409-01,討伐！機器耶比大廳,Single
2540,409-02,討伐！機器耶比,Single
2541,409-03,討伐！機器耶比獎勵房,Single
2542,409-04,討伐！機器耶比獎勵房,Single
2543,409-05,討伐！機器耶比獎勵房,Single
2544,409-06,討伐！機器耶比獎勵房,Single
2545,410-00,Game1 - BANG∼BANG∼BANG∼大廳,Safety zone
2546,410-01,Game1 - BANG∼BANG∼BANG∼,Safety zone
2547,410-02,Game1 - BANG∼BANG∼BANG∼獎勵房,Safety zone
2548,411-00,Game3 - 煩人的耶比妹妹大廳,Safety zone
2549,411-01,Game3 - 煩人的耶比妹妹,Safety zone
2550,411-02,Game3 - 煩人的耶比妹妹獎勵房,Safety zone
2551,412-00,怪物樹山林1,Field
2552,412-01,怪物樹山林2,Field
2553,412-02,怪物樹山林3,Field
2554,412-03,怪物樹山林4,Field
2555,413-00,戰士們的休息地1,PARTY
2556,413-01,戰士們的休息地2,PARTY
2557,413-02,戰士們的休息地3,PARTY
2558,413-03,戰士們的休息地4,PARTY
2559,414-00,怪物樹山谷,PARTY
2560,414-01,怪物樹山谷1,PARTY
2561,414-02,怪物樹山谷2,PARTY
2562,414-03,怪物樹山谷3,PARTY
2563,414-04,怪物樹山谷4,PARTY
2564,414-05,怪物樹山谷5,PARTY
2565,414-06,怪物樹山谷6,PARTY
2566,414-07,怪物樹山谷,PARTY
2567,414-08,怪物樹山谷,PARTY
2568,415-00,Golden festival,Safety zone
2569,416-00,龍峽谷,PARTY
2570,416-01,龍峽谷1,PARTY
2571,416-02,龍峽谷2,PARTY
2572,416-03,龍峽谷3,PARTY
2573,416-04,龍峽谷4,PARTY
2574,416-05,龍峽谷5,PARTY
2575,416-06,龍峽谷6,PARTY
2576,416-07,龍峽谷7,PARTY
2577,416-08,龍峽谷8,PARTY
2578,416-09,龍峽谷9,PARTY
2579,417-00,奇妙的貝羅斯都市大廳,Safety zone
2580,417-01,奇妙的貝羅斯都市,Safety zone
2581,417-02,奇妙的貝羅斯都市,Safety zone
2582,417-03,奇妙的貝羅斯都市,Safety zone
2583,417-04,奇妙的貝羅斯都市,Safety zone
2584,417-05,奇妙的貝羅斯都市,Safety zone
2585,417-06,奇妙的貝羅斯都市,Safety zone
2586,418-00,神之樹拉法爾,PARTY
2587,418-01,神之樹拉法爾1,PARTY
2588,418-02,神之樹拉法爾2,PARTY
2589,418-03,神之樹拉法爾3,PARTY
2590,418-04,神之樹拉法爾4,PARTY
2591,418-05,神之樹拉法爾5,PARTY
2592,418-06,神之樹拉法爾6,PARTY
2593,418-07,神之樹拉法爾7,PARTY
2594,418-08,神之樹拉法爾8,PARTY
2595,418-09,神之樹拉法爾9,PARTY
2596,418-10,神之樹拉法爾頂層,PARTY
2597,418-11,神之樹拉法爾頂層,PARTY
2598,418-12,神之樹拉法爾頂層,PARTY
2599,419-00,恪爾立,Safety zone
2600,420-00,亞德利卡1,Field
2601,420-01,亞德利卡2,Field
2602,420-02,亞德利卡3,Field
2603,420-03,亞德利卡4,Field
2604,421-00,VIP休息室,Safety zone
2605,422-00,工程師的夢中,Safety zone
2606,422-01,卡路里派對,Safety zone
2607,422-02,任務成功獎勵房,Safety zone
2608,422-03,任務失敗獎勵房,Safety zone
2609,423-00,修勒克魯斯潛水艇,Safety zone
2610,423-01,被弄髒的人魚房間,Safety zone
2611,423-02,獎勵房,Safety zone
2612,424-00,修勒克魯斯倉庫,Safety zone
2613,425-00,PVP個人超人紀念館,Safety zone
2614,426-00,PVP個人混沌峽谷,Safety zone
2615,427-00,PVP個人安息之地,Safety zone
2616,428-00,PVP團隊冰封的世界,Safety zone
2617,429-00,PVP團隊亞瑪倫沙漠,Safety zone
2618,430-00,PVP團隊冰淇淋庭園,Safety zone
2619,431-00,魔法修練館大廳,PARTY
2620,431-01,魔法修練館第1館,PARTY
2621,431-02,魔法修練館第2館,PARTY
2622,431-03,魔法修練館第3館,PARTY
2623,431-04,魔法修練館第4館,PARTY
2624,431-05,魔法修練館第5館,PARTY
2625,431-06,魔法修練館第6館,PARTY
2626,432-00,魔法學院本館,PARTY
2627,432-01,魔法學院本館1,PARTY
2628,432-02,魔法學院本館2,PARTY
2629,432-03,魔法學院本館3,PARTY
2630,432-04,魔法學院本館4,PARTY
2631,432-05,魔法學院本館5,PARTY
2632,432-06,魔法學院本館6,PARTY
2633,432-07,魔法學院本館7,PARTY
2634,432-08,魔法學院本館8,PARTY
2635,432-09,魔法學院本館,PARTY
2636,433-00,傑芮尼斯山丘1,Field
2637,433-01,傑芮尼斯山丘2,Field
2638,433-02,傑芮尼斯山丘3,Field
2639,433-03,傑芮尼斯山丘4,Field
2640,434-00,每週挑戰最高級1-1,Single
2641,434-01,每週挑戰最高級1-2,Single
2642,434-02,每週挑戰最高級1-3,Single
2643,435-00,每週挑戰最高級2-1,Single
2644,435-01,每週挑戰最高級2-2,Single
2645,435-02,每週挑戰最高級2-3,Single
2646,436-00,每週挑戰最高級3-1,Single
2647,436-01,每週挑戰最高級3-2,Single
2648,436-02,每週挑戰最高級3-3,Single
2649,437-00,沒有主人的兵工廠(EASY),Safety zone
2650,437-01,沒有主人的兵工廠(EASY),Safety zone
2651,437-02,沒有主人的兵工廠(HARD),Safety zone
2652,437-03,沒有主人的兵工廠(HARD),Safety zone
2653,438-00,沒有主人的兵工廠(EASY),Single
2654,439-00,沒有主人的兵工廠(HARD),Single
2655,440-00,沒有主人的兵工廠(HARD),Single
2656,441-00,魔力防空洞,PARTY
2657,441-01,魔力防空洞1,PARTY
2658,441-02,魔力防空洞2,PARTY
2659,441-03,魔力防空洞3,PARTY
2660,441-04,魔力防空洞4,PARTY
2661,441-05,魔力防空洞5,PARTY
2662,441-06,魔力防空洞6,PARTY
2663,441-07,魔力防空洞7,PARTY
2664,441-08,魔力防空洞8,PARTY
2665,441-09,魔力防空洞獎勵房,PARTY
2666,441-10,魔力防空洞獎勵房,PARTY
2667,442-00,墨羅斯1,Field
2668,442-01,墨羅斯2,Field
2669,442-02,墨羅斯3,Field
2670,442-03,墨羅斯4,Field
2671,442-04,墨羅斯5,Field
2672,443-00,夢境奧涅伊洛,PARTY
2673,443-01,夢境奧涅伊洛1,PARTY
2674,443-02,夢境奧涅伊洛2,PARTY
2675,443-03,夢境奧涅伊洛3,PARTY
2676,443-04,夢境奧涅伊洛4,PARTY
2677,443-05,夢境奧涅伊洛5,PARTY
2678,443-06,夢境奧涅伊洛6,PARTY
2679,443-07,夢境奧涅伊洛7,PARTY
2680,443-08,夢境奧涅伊洛8,PARTY
2681,443-09,夢境奧涅伊洛9,PARTY
2682,443-10,夢境奧涅伊洛10,PARTY
2683,443-11,夢境奧涅伊洛11,PARTY
2684,443-12,夢境奧涅伊洛12,PARTY
2685,444-00,墨羅斯的另一面1,Single
2686,444-01,墨羅斯的另一面2,Single
2687,444-02,墨羅斯的另一面3,Single
2688,444-03,墨羅斯的另一面4,Single
2689,445-00,熱帶海岸,Safety zone
2690,446-00,[活動] 薩勒斯南方森林(EASY-1),Single
2691,446-01,[活動] 薩勒斯南方森林(EASY-2),Single
2692,447-00,[活動] 薩勒斯南方森林(HARD),Single
2693,448-00,奧涅伊洛的另一面1,Single
2694,448-01,奧涅伊洛的另一面2,Single
2695,448-02,奧涅伊洛的另一面3,Single
2696,449-00,躲避寶物監視者(EASY),Single
2697,450-00,躲避寶物監視者(HARD),Single
2698,451-00,需要消暑的冰塊！,PARTY
2699,451-01,需要消暑的冰塊！,PARTY
2700,451-02,消暑的獎勵房,PARTY
2701,452-00,吉斯克領地1,Field
2702,452-01,吉斯克領地2,Field
2703,452-02,吉斯克領地3,Field
2704,452-03,吉斯克領地4,Field
2705,452-04,吉斯克領地5,Field
2706,452-05,吉斯克領地6,Field
2707,453-00,遵守起床鬧鐘(EASY),Single
2708,454-00,遵守起床鬧鐘(HARD),Single
2709,455-00,萬聖節,PARTY
2710,456-00,虛無之星,PARTY
2711,456-01,虛無之星1,PARTY
2712,456-02,虛無之星2,PARTY
2713,456-03,虛無之星3,PARTY
2714,456-04,虛無之星4,PARTY
2715,456-05,虛無之星5,PARTY
2716,456-06,虛無之星6,PARTY
2717,457-00,忘卻湖畔,PARTY
2718,457-01,忘卻湖畔1,PARTY
2719,457-02,忘卻湖畔2,PARTY
2720,457-03,忘卻湖畔3,PARTY
2721,457-04,忘卻湖畔4,PARTY
2722,457-05,忘卻湖畔5,PARTY
2723,457-06,忘卻湖畔6,PARTY
2724,457-07,忘卻湖畔7,PARTY
2725,457-08,忘卻湖畔8,PARTY
2726,457-09,忘卻湖畔9,PARTY
2727,457-10,忘卻湖畔10,PARTY
2728,457-11,忘卻湖畔11,PARTY
2729,457-12,忘卻湖畔12,PARTY
2730,457-13,忘卻湖畔13,PARTY
2731,458-00,混亂的派對場,Single
2732,459-0,瑪爾斯,Safety zone
2733,460-0,幻之搖籃,PARTY
2734,460-1,幻之搖籃1,PARTY
2735,460-2,幻之搖籃2,PARTY
2736,460-3,幻之搖籃3,PARTY
2737,460-4,幻之搖籃4,PARTY
2738,460-5,幻之搖籃5,PARTY
2739,460-6,幻之搖籃6,PARTY
2740,460-7,幻之搖籃7,PARTY
2741,460-8,幻之搖籃8,PARTY
2742,461-0,玫瑰園,PARTY
2743,461-1,玫瑰園1,PARTY
2744,461-2,玫瑰園2,PARTY
2745,461-3,玫瑰園3,PARTY
2746,461-4,玫瑰園4,PARTY
2747,461-5,玫瑰園5,PARTY
2748,461-6,玫瑰園6,PARTY
2749,461-7,玫瑰園7,PARTY
2750,461-8,玫瑰園8,PARTY
2751,461-9,玫瑰園9,PARTY
2752,461-10,玫瑰園10,PARTY
2753,461-11,玫瑰園11,PARTY
2754,462-0,福波斯1,Field
2755,462-1,福波斯2,Field
2756,462-2,福波斯3,Field
2757,462-3,福波斯4,Field
2758,463-0,TT的狐狸窟,Safety zone
2759,464-0,秩序公會房間,guild
2760,464-1,秩序公會活動房間,guild
2761,465-0,中立公會房間,guild
2762,465-1,中立公會活動房間,guild
2763,466-0,混沌公會房間,guild
2764,466-1,混沌公會活動房間,PARTY
2765,467-0,陷阱重重(EASY),PARTY
2766,468-0,陷阱重重(HARD),PARTY
2767,469-0,耶比妹妹庭園,PARTY
2768,469-1,耶比妹妹庭園,PARTY
2769,469-2,耶比妹妹庭園,PARTY
2770,469-3,耶比妹妹庭園,PARTY
2771,469-4,耶比妹妹庭園,PARTY
2772,469-5,耶比妹妹庭園,PARTY
2773,469-6,耶比妹妹庭園,PARTY
2774,469-7,耶比妹妹庭園,PARTY
2775,469-8,耶比妹妹庭園,PARTY
2776,469-9,耶比妹妹庭園,PARTY
2777,469-10,耶比妹妹庭園,PARTY
2778,469-11,耶比妹妹庭園,PARTY
2779,469-12,耶比妹妹庭園,PARTY
2780,469-13,耶比妹妹庭園,PARTY
2781,469-14,耶比妹妹庭園,PARTY
2782,469-15,耶比妹妹庭園,PARTY
2783,469-16,耶比妹妹庭園,PARTY
2784,469-17,耶比妹妹庭園,PARTY
2785,469-18,耶比妹妹庭園,PARTY
2786,469-19,耶比妹妹庭園,PARTY
2787,469-20,耶比妹妹庭園,PARTY
2788,469-21,耶比妹妹庭園,PARTY
2789,469-22,耶比妹妹庭園,PARTY
2790,469-23,耶比妹妹庭園,PARTY
2791,469-24,耶比妹妹庭園,PARTY
2792,469-25,耶比妹妹庭園,PARTY
2793,469-26,耶比妹妹庭園,PARTY
2794,469-27,耶比妹妹庭園,PARTY
2795,469-28,耶比妹妹庭園,PARTY
2796,469-29,耶比妹妹庭園,PARTY
2797,469-30,耶比妹妹庭園,PARTY
2798,469-31,耶比妹妹庭園,PARTY
2799,470-0,誓約的聖地,PARTY
2800,470-1,誓約的聖地1,PARTY
2801,470-2,誓約的聖地2,PARTY
2802,470-3,誓約的聖地3,PARTY
2803,470-4,誓約的聖地4,PARTY
2804,470-5,誓約的聖地5,PARTY
2805,470-6,誓約的聖地6,PARTY
2806,470-7,誓約的聖地7,PARTY
2807,470-8,誓約的聖地8,PARTY
2808,470-9,誓約的聖地9,PARTY
2809,470-10,誓約的聖地10,PARTY
2810,471-0,聖域艾多斯1,Field
2811,471-1,聖域艾多斯2,Field
2812,471-2,聖域艾多斯3,Field
2813,471-3,聖域艾多斯4,Field
2814,471-4,神諭之房,PARTY
2815,472-0,希萊,PARTY
2816,472-1,希萊1,PARTY
2817,472-2,希萊2,PARTY
2818,472-3,希萊3,PARTY
2819,472-4,希萊4,PARTY
2820,472-5,希萊5,PARTY
2821,472-6,希萊6,PARTY
2822,472-7,希萊7,PARTY
2823,472-8,希萊8,PARTY
2824,473-0,GM活動站,PARTY
2825,474-0,清醒夢,PARTY
2826,474-1,清醒夢,PARTY
2827,474-2,清醒夢,PARTY
2828,474-3,清醒夢,PARTY
2829,475-0,某條路,PARTY
2830,475-1,某條路,PARTY
2831,475-2,某條路,PARTY
2832,476-0,廢鐵溪谷的小巷,PARTY
2833,476-1,廢鐵溪谷的小巷,PARTY
2834,476-2,廢鐵溪谷的小巷,PARTY
2835,476-3,廢鐵溪谷的小巷,PARTY
2836,477-0,天空港,PARTY
2837,477-1,天空港1,PARTY
2838,477-2,天空港2,PARTY
2839,477-3,天空港3,PARTY
2840,477-4,天空港4,PARTY
2841,478-0,彩虹洞穴,PARTY
2842,478-1,彩虹洞穴1,PARTY
2843,478-2,彩虹洞穴2,PARTY
2844,478-3,彩虹洞穴3,PARTY
2845,478-4,彩虹洞穴4,PARTY
2846,479-0,珀耳塞的考驗,PARTY
2847,480-0,歐若拉之夜,PARTY
2848,480-1,歐若拉之夜1,PARTY
2849,480-2,歐若拉之夜2,PARTY
2850,480-3,歐若拉之夜3,PARTY
2851,480-4,歐若拉之夜4,PARTY
2852,481-0,未知的圖書館,PARTY
2853,481-1,未知的圖書館1,PARTY
2854,481-2,未知的圖書館2,PARTY
2855,481-3,未知的圖書館3,PARTY
2856,481-4,未知的圖書館4,PARTY
2857,482-0,惡魔平原,PARTY
2858,482-1,惡魔平原1,PARTY
2859,482-2,惡魔平原2,PARTY
2860,482-3,惡魔平原3,PARTY
2861,482-4,惡魔平原4,PARTY
2862,483-0,虎願寺,PARTY
2863,483-1,虎願寺1,PARTY
2864,483-2,虎願寺2,PARTY
2865,483-3,虎願寺3,PARTY
2866,483-4,虎願寺4,PARTY
2867,484-0,我也想做生意！開餐廳！(EASY),PARTY
2868,485-0,我也想做生意！開餐廳！(EASY),PARTY
2869,486-0,我也想做生意！開餐廳！(HARD),PARTY
2870,487-0,我也想做生意！開餐廳！(HARD),PARTY
2871,488-0,GM活動地圖,PARTY
2872,489-0,深夜GM活動地圖,PARTY
2873,490-0,底波拉雪原,Field
2874,490-1,底波拉雪原1,Field
2875,490-2,底波拉雪原2,Field
2876,490-3,底波拉雪原3,Field
2877,490-4,底波拉雪原4,Field
2878,491-0,回音之泉,PARTY
2879,491-1,回音之泉1,PARTY
2880,491-2,回音之泉2,PARTY
2881,491-3,回音之泉3,PARTY
2882,491-4,回音之泉4,PARTY
2883,491-5,回音之泉5,PARTY
2884,491-6,回音之泉6,PARTY
2885,491-7,回音之泉7,PARTY
2886,491-8,回音之泉8,PARTY
2887,491-9,回音之泉9,PARTY
2888,491-10,回音之泉10,PARTY
2889,491-11,回音之泉11,PARTY
2890,491-12,回音之泉12,PARTY
2891,491-13,回音之泉13,PARTY
2892,492-0,冰柱監獄,PARTY
2893,492-1,冰柱監獄1,PARTY
2894,492-2,冰柱監獄2,PARTY
2895,492-3,冰柱監獄3,PARTY
2896,492-4,冰柱監獄4,PARTY
2897,492-5,冰柱監獄5,PARTY
2898,492-6,冰柱監獄6,PARTY
2899,492-7,冰柱監獄7,PARTY
2900,492-8,冰柱監獄8,PARTY
2901,492-9,冰柱監獄9,PARTY
2902,492-10,冰柱監獄10,PARTY
2903,493-0,格爾答,PARTY
2904,494-0,???? ???? (EASY),Single
2905,495-0,???? ???? (EASY),Single
2906,496-0,???? ???? (HARD),Single
2907,497-0,???? ???? (HARD),Single
2908,498-0,克諾索斯街道,Field
2909,498-1,克諾索斯1,Field
2910,498-2,克諾索斯2,Field
2911,498-3,克諾索斯3,Field
2912,499-0,亞克羅之冠,PARTY
2913,499-1,亞克羅之冠1,PARTY
2914,499-2,亞克羅之冠2,PARTY
2915,499-3,亞克羅之冠3,PARTY
2916,499-4,亞克羅之冠4,PARTY
2917,499-5,亞克羅之冠5,PARTY
2918,499-6,亞克羅之冠6,PARTY
2919,499-7,亞克羅之冠7,PARTY
2920,499-8,亞克羅之冠8,PARTY
2921,499-9,亞克羅之冠9,PARTY
2922,499-10,亞克羅之冠10,PARTY
2923,500-0,心臟的記憶,PARTY
2924,500-1,心臟的記憶1,PARTY
2925,500-2,心臟的記憶2,PARTY
2926,500-3,心臟的記憶3,PARTY
2927,500-4,心臟的記憶4,PARTY
2928,500-5,心臟的記憶5,PARTY
2929,500-6,心臟的記憶6,PARTY
2930,501-0,吉恩蒂亞國立劇場,Safety zone
2931,502-0,風車山丘(日),Safety zone
2932,503-0,風車山丘(夜),Safety zone
2933,504-0,受詛咒的森林山谷,PARTY
2934,505-0,一週南瓜農場大廳,PARTY
2935,505-1,一週南瓜農場,PARTY
2936,506-0,燃燒之輪1,Field
2937,506-1,燃燒之輪2,Field
2938,507-0,阿瓦隆1,Field
2939,507-1,阿瓦隆2,Field
2940,507-2,阿瓦隆3,Field
2941,508-0,煉獄亞茲拉爾,PARTY
2942,508-1,煉獄亞茲拉爾1,PARTY
2943,508-2,煉獄亞茲拉爾2,PARTY
2944,508-3,煉獄亞茲拉爾3,PARTY
2945,508-4,煉獄亞茲拉爾4,PARTY
2946,508-5,煉獄亞茲拉爾5,PARTY
2947,508-6,煉獄亞茲拉爾6,PARTY
2948,508-7,煉獄亞茲拉爾7,PARTY
2949,508-8,煉獄亞茲拉爾8,PARTY
2950,508-9,煉獄亞茲拉爾9,PARTY
2951,508-10,煉獄亞茲拉爾10,PARTY
2952,508-11,煉獄亞茲拉爾11,PARTY
2953,508-12,煉獄亞茲拉爾12,PARTY
2954,509-0,峇尼塔斯,PARTY
2955,509-1,峇尼塔斯1,PARTY
2956,509-2,峇尼塔斯2,PARTY
2957,509-3,峇尼塔斯3,PARTY
2958,509-4,峇尼塔斯4,PARTY
2959,509-5,峇尼塔斯5,PARTY
2960,509-6,峇尼塔斯6,PARTY
2961,509-7,峇尼塔斯7,PARTY
2962,509-8,峇尼塔斯8,PARTY
2963,509-9,峇尼塔斯9,PARTY
2964,510-0,貝羅斯風車山坡,Single
2965,511-0,聖誕活動,Single
2966,512-0,??! ????! ??,PARTY
2967,512-1,??! ????!,PARTY
2968,512-2,??! ????! ???,PARTY
2969,513-0,息之空間普紐瑪,Field
2970,513-1,息之空間普紐瑪1,Field
2971,513-2,息之空間普紐瑪2,Field
2972,513-3,息之空間普紐瑪3,Field
2973,514-0,卡伊洛斯的時間,PARTY
2974,514-1,卡伊洛斯的時間1,PARTY
2975,514-2,卡伊洛斯的時間2,PARTY
2976,514-3,卡伊洛斯的時間3,PARTY
2977,514-4,卡伊洛斯的時間4,PARTY
2978,514-5,卡伊洛斯的時間5,PARTY
2979,514-6,卡伊洛斯的時間6,PARTY
2980,514-7,卡伊洛斯的時間7,PARTY
2981,514-8,卡伊洛斯的時間8,PARTY
2982,514-9,卡伊洛斯的時間9,PARTY
2983,515-0,柯羅諾斯的時間,PARTY
2984,515-1,柯羅諾斯的時間1,PARTY
2985,515-2,柯羅諾斯的時間2,PARTY
2986,515-3,柯羅諾斯的時間3,PARTY
2987,515-4,柯羅諾斯的時間4,PARTY
2988,515-5,柯羅諾斯的時間5,PARTY
2989,515-6,柯羅諾斯的時間6,PARTY
2990,515-7,柯羅諾斯的時間7,PARTY
2991,515-8,柯羅諾斯的時間8,PARTY
2992,516-0,未知森林,PARTY
2993,516-1,未知森林1,PARTY
2994,516-2,未知森林2,PARTY
2995,516-3,未知森林3,PARTY
2996,516-4,未知森林4,PARTY
2997,517-0,艾烏嘉蒙劇場森林,PARTY
2998,517-1,艾烏嘉蒙劇場森林1,PARTY
2999,517-2,艾烏嘉蒙劇場森林2,PARTY
3000,517-3,艾烏嘉蒙劇場洞窟,PARTY
3001,517-4,艾烏嘉蒙劇場洞窟1,PARTY
3002,517-5,艾烏嘉蒙劇場洞窟2,PARTY
3003,517-6,艾烏嘉蒙劇場庭園,PARTY
3004,517-7,艾烏嘉蒙劇場庭園1,PARTY
3005,517-8,艾烏嘉蒙劇場庭園2,PARTY
3006,517-9,艾烏嘉蒙劇場庭園3,PARTY
3007,517-10,艾烏嘉蒙劇場住宅,PARTY
3008,517-11,艾烏嘉蒙劇場住宅1,PARTY
3009,517-12,艾烏嘉蒙劇場住宅2,PARTY
3010,518-0,深淵之鏡,PARTY
3011,518-1,深淵之鏡1,PARTY
3012,518-2,深淵之鏡2,PARTY
3013,518-3,深淵之鏡3,PARTY
3014,518-4,深淵之鏡4,PARTY
3015,518-5,深淵之鏡5,PARTY
3016,518-6,深淵之鏡6,PARTY
3017,518-7,深淵之鏡7,PARTY
3018,518-8,深淵之鏡8,PARTY
3019,518-9,深淵之鏡9,PARTY
3020,519-0,奈雷斯關口,PARTY
3021,519-1,奈雷斯關口1,PARTY
3022,520-0,艾耶島1,Field
3023,520-1,艾耶島2,Field
3024,520-2,艾耶島3,Field
3025,520-3,艾耶島4,Field
3026,520-4,艾耶島邊緣,Field
3027,520-5,艾耶島的另一面,Field
3028,521-0,玩偶小屋,Single
3029,522-0,奇異王國大廳,PARTY
3030,522-1,奇異王國,PARTY
3031,522-2,奇異王國獎勵房,PARTY
3032,523-0,拉伊提提亞,PARTY
3033,523-1,拉伊提提亞1,PARTY
3034,523-2,拉伊提提亞2,PARTY
3035,523-3,拉伊提提亞3,PARTY
3036,523-4,拉伊提提亞4,PARTY
3037,524-0,命運之島,Field
3038,524-1,命運之島1,Field
3039,524-2,命運之島2,Field
3040,524-3,命運之島3,Field
3041,524-4,命運之島4,Field
3042,525-0,次元超級瑪琍(EASY),Single
3043,526-0,次元超級瑪琍(EASY),Single
3044,527-0,次元超級瑪琍(HARD),Single
3045,528-0,次元超級瑪琍(HARD),Single
3046,529-0,奧勒卡里姆,Field
3047,529-1,奧勒卡里姆1,Field
3048,529-2,奧勒卡里姆2,Field
3049,529-3,奧勒卡里姆3,Field
3050,529-4,奧勒卡里姆4,Field
3051,529-5,奧勒卡里姆,Field
3052,529-6,奧勒卡里姆,Field
3053,529-7,奧勒卡里姆,Field
3054,530-0,漂流都市,Field
3055,531-0,生命的恩泰雷克,PARTY
3056,531-1,生命的恩泰雷克1,PARTY
3057,531-2,生命的恩泰雷克2,PARTY
3058,531-3,生命的恩泰雷克3,PARTY
3059,531-4,生命的恩泰雷克4,PARTY
3060,531-5,生命的恩泰雷克5,PARTY
3061,531-6,生命的恩泰雷克6,PARTY
3062,531-7,生命的恩泰雷克7,PARTY
3063,531-8,生命的恩泰雷克8,PARTY
3064,532-0,精靈的樹樁,PARTY
3065,532-1,精靈的樹樁1,PARTY
3066,532-2,精靈的樹樁2,PARTY
3067,532-3,精靈的樹樁3,PARTY
3068,532-4,精靈的樹樁4,PARTY
3069,532-5,精靈的樹樁5,PARTY
3070,532-6,精靈的樹樁6,PARTY
3071,532-7,精靈的樹樁7,PARTY
3072,532-8,精靈的樹樁8,PARTY
3073,533-0,漂流都市,Field
3074,534-0,晶月森林1,Field
3075,534-1,晶月森林2,Field
3076,534-2,晶月森林3,Field
3077,534-3,晶月森林4,Field
3078,534-4,黃昏殿堂入口,Field
3079,534-5,晶月森林限制區域,Field
3080,534-6,晶月森林限制區域,Field
3081,534-7,晶月森林限制區域,Field
3082,534-8,晶月森林,Field
3083,535-0,黎弗特菈希爾,Safety zone
3084,536-0,消逝的星之歌,PARTY
3085,536-1,消逝的星之歌1,PARTY
3086,536-2,消逝的星之歌2,PARTY
3087,536-3,消逝的星之歌3,PARTY
3088,536-4,消逝的星之歌4,PARTY
3089,536-5,消逝的星之歌5,PARTY
3090,536-6,消逝的星之歌6,PARTY
3091,536-7,消逝的星之歌7,PARTY
3092,536-8,消逝的星之歌8,PARTY
3093,537-0,黃昏殿堂,PARTY
3094,537-1,黃昏殿堂下層,PARTY
3095,537-2,黃昏殿堂內部,PARTY
3096,537-3,黃昏殿堂下層,PARTY
3097,537-4,黃昏殿堂內部,PARTY
3098,537-5,黃昏殿堂中層,PARTY
3099,537-6,黃昏殿堂上層,PARTY
3100,537-7,黃昏殿堂內部,PARTY
3101,537-8,黃昏殿堂上層,PARTY
3102,537-9,黃昏殿堂內部,PARTY
3103,537-10,黃昏殿堂中層,PARTY
3104,537-11,黃昏殿堂上層,PARTY
3105,537-12,黃昏殿堂內部,PARTY
3106,537-13,黃昏殿堂禮拜堂,PARTY
3107,537-14,黃昏殿堂禮拜堂,PARTY
3108,537-15,黃昏殿堂禮拜堂,PARTY
3109,538-0,克拉拉的小屋,Field
3110,539-0,[任務] 銀光住宅後方平原,Field
3111,539-1,[任務] 西方未知森林 - 1,Field
3112,539-2,[任務] 西方未知森林 - 2,Field
3113,539-3,[任務] 西方未知森林 - 3,Field
3114,539-4,[任務] 西方未知森林 - 4,Field
3115,539-5,[任務] 星光平原,Field
3116,539-6,[任務] 星座峭壁,Field
3117,539-7,[任務] 西方未知森林 - 5,Field
3118,539-8,[任務] 星座峭壁,Field
3119,539-9,西方未知森林 - 1,Field
3120,539-10,西方未知森林 - 2,Field
3121,539-11,西方未知森林 - 3,Field
3122,539-12,西方未知森林 - 4,Field
3123,539-13,[任務] 克拉拉的小屋,Field
3124,539-14,[任務] 克拉拉的小屋,Field
3125,539-15,克拉拉的小屋,Field
3126,539-16,不明的空間,Field
3127,540-0,星光平原,PARTY
3128,540-1,星座峭壁,PARTY
3129,541-0,邀請客人,Single
3130,542-0,邀請客人,Single
3131,543-0,邀請客人,Single
3132,544-0,邀請客人,Single
3133,545-0,夜之商店街,Field
3134,546-0,大地的試煉,PARTY
3135,546-1,大地的試煉1,PARTY
3136,546-2,大地的試煉2,PARTY
3137,546-3,大地的試煉3,PARTY
3138,546-4,大地的試煉4,PARTY
3139,546-5,大地的試煉5,PARTY
3140,546-6,大地的試煉6,PARTY
3141,546-7,大地的試煉7,PARTY
3142,547-0,拍照用,Field
3143,548-0,通向艾莉希婭之路,Field
3144,548-1,艾莉希婭1,Field
3145,548-2,艾莉希婭2,Field
3146,548-3,艾莉希婭3,Field
3147,548-4,無名之地,Field
3148,548-5,無名之地,Field
3149,548-6,無名之地,Field
3150,549-0,魔法學院大廳,Single
3151,549-1,魔法學院院長室,Single
3152,549-2,魔法學院院長室,Single
3153,550-0,黑月的試煉,PARTY
3154,550-1,黑月的試煉1,PARTY
3155,550-2,黑月的試煉2,PARTY
3156,550-3,黑月的試煉3,PARTY
3157,550-4,黑月的試煉4,PARTY
3158,550-5,黑月的試煉5,PARTY
3159,550-6,黑月的試煉1等級獎勵房,PARTY
3160,550-7,黑月的試煉2等級獎勵房,PARTY
3161,550-8,黑月的試煉3等級獎勵房,PARTY
3162,550-9,黑月的試煉9,PARTY
3163,551-0,傷害測試,Field
3164,552-0,富翁耶比的寶物倉庫,Field
3165,553-0,未知的圖書館高級,Single
3166,553-1,未知的圖書館高級1,Single
3167,553-2,未知的圖書館高級2,Single
3168,553-3,未知的圖書館高級3,Single
3169,553-4,未知的圖書館高級4,Single
3170,554-0,虎願寺高級,Single
3171,554-1,虎願寺高級1,Single
3172,554-2,虎願寺高級2,Single
3173,554-3,虎願寺高級3,Single
3174,554-4,虎願寺高級4,Single
3175,555-0,歐若拉之夜高級,Single
3176,555-1,歐若拉之夜高級1,Single
3177,555-2,歐若拉之夜高級2,Single
3178,555-3,歐若拉之夜高級3,Single
3179,555-4,歐若拉之夜高級4,Single
3180,556-0,彩虹洞穴高級,Single
3181,556-1,彩虹洞穴高級1,Single
3182,556-2,彩虹洞穴高級2,Single
3183,556-3,彩虹洞穴高級3,Single
3184,556-4,彩虹洞穴高級4,Single
3185,557-0,惡魔平原高級,Single
3186,557-1,惡魔平原高級1,Single
3187,557-2,惡魔平原高級2,Single
3188,557-3,惡魔平原高級3,Single
3189,557-4,惡魔平原高級4,Single
3190,558-0,天空港高級,Single
3191,558-1,天空港高級1,Single
3192,558-2,天空港高級2,Single
3193,558-3,天空港高級3,Single
3194,558-4,天空港高級4,Single
3195,559-0,GM活動地圖(夜)排名大廳,Safety zone
3196,559-1,GM活動地圖(夜)排名,Safety zone
3197,560-0,拉蘭街道1,Field
3198,560-1,拉蘭街道2,Field
3199,560-2,拉蘭街道3,Field
3200,560-3,拉蘭街道4,Field
3201,560-4,拉蘭街道空地,Field
3202,560-5,拉蘭街道空地,Field
3203,560-6,拉蘭街道空地,Field
3204,560-7,拉蘭街道空地,Field
3205,561-0,亞特拉斯庭園,PARTY
3206,561-1,亞特拉斯庭園1,PARTY
3207,561-2,亞特拉斯庭園2,PARTY
3208,561-3,亞特拉斯庭園3,PARTY
3209,561-4,亞特拉斯庭園4,PARTY
3210,561-5,亞特拉斯庭園5,PARTY
3211,561-6,亞特拉斯庭園6,PARTY
3212,561-7,亞特拉斯庭園7,PARTY
3213,561-8,亞特拉斯庭園8,PARTY
3214,561-9,亞特拉斯庭園9,PARTY
3215,561-10,亞特拉斯庭園10,PARTY
3216,562-0,埃吉爾遺址,PARTY
3217,562-1,埃吉爾遺址1,PARTY
3218,562-2,埃吉爾遺址2,PARTY
3219,562-3,埃吉爾遺址3,PARTY
3220,562-4,埃吉爾遺址4,PARTY
3221,562-5,埃吉爾遺址5,PARTY
3222,562-6,埃吉爾遺址6,PARTY
3223,562-7,埃吉爾遺址7,PARTY
3224,562-8,埃吉爾遺址8,PARTY
3225,563-0,盧里亞村莊,Safety zone
3226,564-0,挑戰！封印機器耶比玩偶！！(EASY),Single
3227,565-0,挑戰！封印機器耶比玩偶！！(EASY),Single
3228,566-0,挑戰！封印機器耶比玩偶！！(HARD),Single
3229,567-0,挑戰！封印機器耶比玩偶！！(HARD),Single
3230,568-0,魯米諾斯河濱公園,Single
3231,569-0,幻狼伊拉,Single
3232,570-0,河濱公園地下隧道,Single
3233,570-1,河濱公園地下隧道大廳,Single
3234,571-0,守護食物吧！,Single
3235,571-1,守護食物吧！獎勵房,Single
3236,572-0,幻狼伊拉,Single
3237,573-0,幻狼伊拉,Single
3238,574-0,幻狼伊拉,Single
3239,575-0,幻狼伊拉,Single
3240,576-0,幻狼伊拉,Single
3241,577-0,幻狼伊拉,Single
3242,578-0,維格利德,Field
3243,578-1,維格利德,Field
3244,578-2,維格利德,Field
3245,578-3,維格利德,Field
3246,578-4,維格利德,Field
3247,578-5,維格利德,Field
3248,578-6,維格利德,Field
3249,578-7,維格利德,Field
3250,579-0,穆斯貝爾隧道,PARTY
3251,579-1,穆斯貝爾隧道,PARTY
3252,579-2,穆斯貝爾隧道,PARTY
3253,579-3,穆斯貝爾隧道,PARTY
3254,579-4,穆斯貝爾隧道,PARTY
3255,579-5,穆斯貝爾隧道,PARTY
3256,579-6,穆斯貝爾隧道,PARTY
3257,579-7,穆斯貝爾隧道,PARTY
3258,579-8,穆斯貝爾隧道,PARTY
3259,579-9,穆斯貝爾隧道,PARTY
3260,580-0,尼福爾海姆車站,PARTY
3261,580-1,尼福爾海姆車站,PARTY
3262,580-2,尼福爾海姆車站,PARTY
3263,580-3,尼福爾海姆車站,PARTY
3264,580-4,尼福爾海姆車站,PARTY
3265,580-5,尼福爾海姆車站,PARTY
3266,580-6,尼福爾海姆車站,PARTY
3267,580-7,尼福爾海姆車站,PARTY
3268,580-8,尼福爾海姆車站,PARTY
3269,581-0,守護水耕農場吧,Single
3270,581-1,守護水耕農場吧,Single
3271,582-0,因伯涅廢墟地帶,Field
3272,582-1,因伯涅廢墟地帶,Field
3273,582-2,因伯涅廢墟地帶,Field
3274,582-3,因伯涅廢墟地帶,Field
3275,582-4,因伯涅廢墟地帶,Field
3276,582-5,風停留之地,Field
3277,582-6,風停留之地,Field
3278,582-7,風停留之地,Field
3279,583-0,因伯涅安全地帶,Safety zone
3280,584-0,莫夏,PARTY
3281,584-1,莫夏,PARTY
3282,584-2,莫夏,PARTY
3283,584-3,莫夏,PARTY
3284,584-4,莫夏,PARTY
3285,584-5,莫夏,PARTY
3286,584-6,莫夏,PARTY
3287,584-7,莫夏,PARTY
3288,584-8,莫夏,PARTY
3289,584-9,莫夏,PARTY
3290,585-0,諾倫尼爾的眼淚,PARTY
3291,585-1,諾倫尼爾的眼淚,PARTY
3292,585-2,諾倫尼爾的眼淚,PARTY
3293,585-3,諾倫尼爾的眼淚,PARTY
3294,585-4,諾倫尼爾的眼淚,PARTY
3295,585-5,諾倫尼爾的眼淚,PARTY
3296,585-6,諾倫尼爾的眼淚,PARTY
3297,585-7,諾倫尼爾的眼淚,PARTY
3298,585-8,諾倫尼爾的眼淚,PARTY
3299,585-9,諾倫尼爾的眼淚,PARTY
3300,585-10,諾倫尼爾的眼淚,PARTY
3301,585-11,諾倫尼爾的眼淚,PARTY
3302,586-0,古力古力農場,Single
3303,587-0,深山小徑大廳,Single
3304,587-1,深山小徑獎勵房,Single
3305,587-2,深山小徑,Single
3306,588-0,拯救古力芬作戰(EASY),Single
3307,588-1,拯救古力芬作戰(HARD),Single
3308,589-0,??? ??,Field
3309,589-1,??? ?? 1,Field
3310,589-2,??? ?? 2,Field
3311,589-3,???? ??,Field
3312,589-4,???? ??,Field
3313,589-5,???? ??,Field
3314,589-6,???? ??,Field
3315,590-0,???? ??,PARTY
3316,590-1,???? ?? 1,PARTY
3317,590-2,???? ?? 2,PARTY
3318,590-3,???? ?? 3,PARTY
3319,590-4,???? ?? 4,PARTY
3320,590-5,???? ?? 5,PARTY
3321,590-6,???? ?? 6,PARTY
3322,590-7,???? ?? 7,PARTY
3323,590-8,???? ?? 8,PARTY
3324,591-0,????? ?,PARTY
3325,591-1,????? ? 1,PARTY
3326,591-2,????? ? 2,PARTY
3327,591-3,????? ? 3,PARTY
3328,591-4,????? ? 4,PARTY
3329,591-5,????? ? 5,PARTY
3330,591-6,????? ? 6,PARTY
3331,591-7,????? ? 7,PARTY
3332,591-8,????? ? 8,PARTY
3333,591-9,????? ? 9,PARTY
3334,592-0,??? ??,Single
